ro,emoji
Mi-a plÄƒcut mult excursia la munte,ğŸ”ï¸â¤ï¸
"Pentru mine, ziua de azi a fost una dintre cele mai bune",ğŸŒğŸ˜„â¤ï¸
Am mÃ¢ncat cea mai bunÄƒ pizza din viaÈ›a mea,ğŸ•ğŸ¤¤ğŸ˜
Mi-a plÄƒcut mult excursia la munte,ğŸ”ï¸â¤ï¸
Am pierdut ceva important È™i mÄƒ simt rÄƒu,ğŸ˜­ğŸ“‰
PrÄƒjitura fÄƒcutÄƒ acasÄƒ a fost delicioasÄƒ,ğŸ°ğŸ˜‹
Am vizitat un oraÈ™ superb,ğŸ™ï¸âœ¨ğŸ˜Š
"Pentru mine, mÄƒ simt inspirat È™i plin de energie",ğŸ’¡âš¡ğŸ˜Š
"Sunt extrem de fericit astÄƒzi, totul merge perfect foarte mult",ğŸ˜ŠğŸ˜„âœ¨
Sunt foarte trist È™i dezamÄƒgit,ğŸ˜¢ğŸ’”
MÄƒ simt inspirat È™i plin de energie,ğŸ’¡âš¡ğŸ˜Š
MÄƒ simt excelent dupÄƒ antrenament,ğŸ’ªğŸ˜„ğŸ”¥
"Pentru mine, am Ã®nvÄƒÈ›at ceva nou È™i util",ğŸ’¡ğŸ“˜ğŸ˜Š
MÄƒ doare capul È™i sunt foarte obosit,ğŸ¤•ğŸ˜´
AstÄƒzi cafeaua de dimineaÈ›Äƒ a fost perfectÄƒ,â˜•ğŸ˜
"Pentru mine, am primit o veste minunatÄƒ de la prieteni",ğŸ‰ğŸ˜ŠğŸ’Œ
Am petrecut timp de calitate cu cei dragi foarte mult,â¤ï¸ğŸ‘¨â€ğŸ‘©â€ğŸ‘§
Nu mÄƒ simt bine deloc,ğŸ¤•ğŸ˜
"Pentru mine, am vÄƒzut un film extrem de amuzant",ğŸ˜‚ğŸ¬
"Pentru mine, sunt foarte trist È™i dezamÄƒgit",ğŸ˜¢ğŸ’”
Am avut foarte mult de lucru azi,ğŸ“šğŸ˜µ
Am avut foarte mult de lucru azi,ğŸ“šğŸ˜µ
VÃ¢ntul bate puternic foarte mult,ğŸ’¨ğŸ˜£
Am mÃ¢ncat cea mai bunÄƒ pizza din viaÈ›a mea,ğŸ•ğŸ¤¤ğŸ˜
Nu mÄƒ simt bine deloc foarte mult,ğŸ¤•ğŸ˜
Ziua de azi a fost una dintre cele mai bune,ğŸŒğŸ˜„â¤ï¸
Concertul a fost uimitor foarte mult,ğŸµğŸ”¥ğŸ˜
"Pentru mine, serialul pe care Ã®l urmÄƒresc devine tot mai bun",ğŸ“ºğŸ˜„
Am Ã®nvÄƒÈ›at ceva nou È™i util foarte mult,ğŸ’¡ğŸ“˜ğŸ˜Š
Am vÄƒzut un film extrem de amuzant,ğŸ˜‚ğŸ¬
"Pentru mine, mÄƒ doare capul È™i sunt foarte obosit",ğŸ¤•ğŸ˜´
AstÄƒzi ziua de azi a fost una dintre cele mai bune,ğŸŒğŸ˜„â¤ï¸
Am petrecut timp de calitate cu cei dragi foarte mult,â¤ï¸ğŸ‘¨â€ğŸ‘©â€ğŸ‘§
AstÄƒzi mi-am fÄƒcut analizele È™i sunt bune,ğŸ§ªğŸ˜Š
MÄƒ doare capul È™i sunt foarte obosit,ğŸ¤•ğŸ˜´
AstÄƒzi am Ã®nvÄƒÈ›at ceva nou È™i util,ğŸ’¡ğŸ“˜ğŸ˜Š
MÄƒ simt inspirat È™i plin de energie,ğŸ’¡âš¡ğŸ˜Š
Sunt foarte trist È™i dezamÄƒgit,ğŸ˜¢ğŸ’”
MÄƒ doare capul È™i sunt foarte obosit,ğŸ¤•ğŸ˜´
"Pentru mine, È™edinÈ›a a fost lungÄƒ È™i obositoare",ğŸ§ ğŸ˜©
Am petrecut timp de calitate cu cei dragi foarte mult,â¤ï¸ğŸ‘¨â€ğŸ‘©â€ğŸ‘§
"Pentru mine, am petrecut timp de calitate cu cei dragi",â¤ï¸ğŸ‘¨â€ğŸ‘©â€ğŸ‘§
VÃ¢ntul bate puternic foarte mult,ğŸ’¨ğŸ˜£
AstÄƒzi am Ã®nvÄƒÈ›at ceva nou È™i util,ğŸ’¡ğŸ“˜ğŸ˜Š
"Pentru mine, mi-e dor de familia mea",â¤ï¸ğŸ˜”
"Pentru mine, nu mÄƒ simt bine deloc",ğŸ¤•ğŸ˜
Am Ã®ncercat un nou restaurant È™i a fost excelent foarte mult,ğŸ½ï¸ğŸ˜„
Am vÄƒzut un film extrem de amuzant,ğŸ˜‚ğŸ¬
A fost o zi Ã®nsoritÄƒ È™i caldÄƒ foarte mult,â˜€ï¸ğŸ˜
"Pentru mine, È™edinÈ›a a fost lungÄƒ È™i obositoare",ğŸ§ ğŸ˜©
AstÄƒzi am petrecut timp de calitate cu cei dragi,â¤ï¸ğŸ‘¨â€ğŸ‘©â€ğŸ‘§
AstÄƒzi am rÄƒcit puÈ›in,ğŸ¤§ğŸ¥¶
VacanÈ›a la mare a fost incredibilÄƒ foarte mult,ğŸ–ï¸ğŸŒŠğŸ˜
Ziua de azi a fost una dintre cele mai bune foarte mult,ğŸŒğŸ˜„â¤ï¸
PrÄƒjitura fÄƒcutÄƒ acasÄƒ a fost delicioasÄƒ,ğŸ°ğŸ˜‹
Cafeaua de dimineaÈ›Äƒ a fost perfectÄƒ foarte mult,â˜•ğŸ˜
"Pentru mine, nu mÄƒ simt bine deloc",ğŸ¤•ğŸ˜
AstÄƒzi am primit o veste minunatÄƒ de la prieteni,ğŸ‰ğŸ˜ŠğŸ’Œ
MÄƒ simt inspirat È™i plin de energie foarte mult,ğŸ’¡âš¡ğŸ˜Š
Am petrecut timp de calitate cu cei dragi,â¤ï¸ğŸ‘¨â€ğŸ‘©â€ğŸ‘§
Concertul a fost uimitor,ğŸµğŸ”¥ğŸ˜
Nu mÄƒ simt bine deloc,ğŸ¤•ğŸ˜
"Pentru mine, ziua de azi a fost una dintre cele mai bune",ğŸŒğŸ˜„â¤ï¸
Am Ã®ncercat un nou restaurant È™i a fost excelent,ğŸ½ï¸ğŸ˜„
VÃ¢ntul bate puternic,ğŸ’¨ğŸ˜£
"Pentru mine, am primit o veste minunatÄƒ de la prieteni",ğŸ‰ğŸ˜ŠğŸ’Œ
"Pentru mine, mÄƒ simt iubit È™i apreciat",â¤ï¸ğŸ˜Š
"Pentru mine, a fost o zi Ã®nsoritÄƒ È™i caldÄƒ",â˜€ï¸ğŸ˜
Nu mÄƒ simt bine deloc,ğŸ¤•ğŸ˜
PrÄƒjitura fÄƒcutÄƒ acasÄƒ a fost delicioasÄƒ,ğŸ°ğŸ˜‹
MÄƒ simt inspirat È™i plin de energie,ğŸ’¡âš¡ğŸ˜Š
Serialul pe care Ã®l urmÄƒresc devine tot mai bun foarte mult,ğŸ“ºğŸ˜„
AstÄƒzi am vÄƒzut un film extrem de amuzant,ğŸ˜‚ğŸ¬
"Pentru mine, am rÄƒcit puÈ›in",ğŸ¤§ğŸ¥¶
VacanÈ›a la mare a fost incredibilÄƒ foarte mult,ğŸ–ï¸ğŸŒŠğŸ˜
AstÄƒzi am vÄƒzut un film extrem de amuzant,ğŸ˜‚ğŸ¬
Am petrecut timp de calitate cu cei dragi foarte mult,â¤ï¸ğŸ‘¨â€ğŸ‘©â€ğŸ‘§
"Pentru mine, am petrecut timp de calitate cu cei dragi",â¤ï¸ğŸ‘¨â€ğŸ‘©â€ğŸ‘§
Mi-am fÄƒcut analizele È™i sunt bune foarte mult,ğŸ§ªğŸ˜Š
"Pentru mine, vÃ¢ntul bate puternic",ğŸ’¨ğŸ˜£
AstÄƒzi prÄƒjitura fÄƒcutÄƒ acasÄƒ a fost delicioasÄƒ,ğŸ°ğŸ˜‹
"Pentru mine, am Ã®nvÄƒÈ›at ceva nou È™i util",ğŸ’¡ğŸ“˜ğŸ˜Š
"Pentru mine, mÄƒ simt excelent dupÄƒ antrenament",ğŸ’ªğŸ˜„ğŸ”¥
Am avut foarte mult de lucru azi,ğŸ“šğŸ˜µ
MÄƒ doare capul È™i sunt foarte obosit,ğŸ¤•ğŸ˜´
AstÄƒzi am Ã®nvÄƒÈ›at ceva nou È™i util,ğŸ’¡ğŸ“˜ğŸ˜Š
AstÄƒzi am avut foarte mult de lucru azi,ğŸ“šğŸ˜µ
Zborul a decurs foarte bine,âœˆï¸ğŸ‘
"Pentru mine, nu mÄƒ simt bine deloc",ğŸ¤•ğŸ˜
"Sunt extrem de fericit astÄƒzi, totul merge perfect",ğŸ˜ŠğŸ˜„âœ¨
Am Ã®nvÄƒÈ›at ceva nou È™i util foarte mult,ğŸ’¡ğŸ“˜ğŸ˜Š
Serialul pe care Ã®l urmÄƒresc devine tot mai bun foarte mult,ğŸ“ºğŸ˜„
È˜edinÈ›a a fost lungÄƒ È™i obositoare,ğŸ§ ğŸ˜©
"Pentru mine, am vÄƒzut un film extrem de amuzant",ğŸ˜‚ğŸ¬
Am fÄƒcut o surprizÄƒ partenerului,ğŸâ¤ï¸
Am rÄƒcit puÈ›in,ğŸ¤§ğŸ¥¶
Ziua de azi a fost una dintre cele mai bune,ğŸŒğŸ˜„â¤ï¸
AstÄƒzi mÄƒ simt excelent dupÄƒ antrenament,ğŸ’ªğŸ˜„ğŸ”¥
AstÄƒzi mÄƒ doare capul È™i sunt foarte obosit,ğŸ¤•ğŸ˜´
"Pentru mine, prÄƒjitura fÄƒcutÄƒ acasÄƒ a fost delicioasÄƒ",ğŸ°ğŸ˜‹
AstÄƒzi am primit o veste minunatÄƒ de la prieteni,ğŸ‰ğŸ˜ŠğŸ’Œ
AstÄƒzi mi-am fÄƒcut analizele È™i sunt bune,ğŸ§ªğŸ˜Š
Am primit o veste minunatÄƒ de la prieteni,ğŸ‰ğŸ˜ŠğŸ’Œ
"Pentru mine, azi a fost o zi epuizantÄƒ È™i grea",ğŸ˜©ğŸ˜”
A fost o zi Ã®nsoritÄƒ È™i caldÄƒ,â˜€ï¸ğŸ˜
Mi-e dor de familia mea,â¤ï¸ğŸ˜”
AstÄƒzi am Ã®nvÄƒÈ›at ceva nou È™i util,ğŸ’¡ğŸ“˜ğŸ˜Š
MÄƒ simt iubit È™i apreciat,â¤ï¸ğŸ˜Š
Am avut foarte mult de lucru azi foarte mult,ğŸ“šğŸ˜µ
AstÄƒzi ziua de azi a fost una dintre cele mai bune,ğŸŒğŸ˜„â¤ï¸
Ziua de azi a fost una dintre cele mai bune,ğŸŒğŸ˜„â¤ï¸
MÄƒ simt inspirat È™i plin de energie foarte mult,ğŸ’¡âš¡ğŸ˜Š
AstÄƒzi am rÄƒcit puÈ›in,ğŸ¤§ğŸ¥¶
Am mÃ¢ncat cea mai bunÄƒ pizza din viaÈ›a mea foarte mult,ğŸ•ğŸ¤¤ğŸ˜
Am vÄƒzut un film extrem de amuzant,ğŸ˜‚ğŸ¬
Concertul a fost uimitor foarte mult,ğŸµğŸ”¥ğŸ˜
È˜edinÈ›a a fost lungÄƒ È™i obositoare foarte mult,ğŸ§ ğŸ˜©
"Pentru mine, am mÃ¢ncat cea mai bunÄƒ pizza din viaÈ›a mea",ğŸ•ğŸ¤¤ğŸ˜
PrÄƒjitura fÄƒcutÄƒ acasÄƒ a fost delicioasÄƒ foarte mult,ğŸ°ğŸ˜‹
AstÄƒzi am rÄƒcit puÈ›in,ğŸ¤§ğŸ¥¶
Cafeaua de dimineaÈ›Äƒ a fost perfectÄƒ foarte mult,â˜•ğŸ˜
Am jucat un joc nou foarte interesant,ğŸ®â­
AstÄƒzi am Ã®ncercat un nou restaurant È™i a fost excelent,ğŸ½ï¸ğŸ˜„
AstÄƒzi cafeaua de dimineaÈ›Äƒ a fost perfectÄƒ,â˜•ğŸ˜
AstÄƒzi prÄƒjitura fÄƒcutÄƒ acasÄƒ a fost delicioasÄƒ,ğŸ°ğŸ˜‹
"Pentru mine, mÄƒ simt inspirat È™i plin de energie",ğŸ’¡âš¡ğŸ˜Š
Concertul a fost uimitor foarte mult,ğŸµğŸ”¥ğŸ˜
AstÄƒzi am pierdut ceva important È™i mÄƒ simt rÄƒu,ğŸ˜­ğŸ“‰
AstÄƒzi am petrecut timp de calitate cu cei dragi,â¤ï¸ğŸ‘¨â€ğŸ‘©â€ğŸ‘§
Mi-e dor de familia mea foarte mult,â¤ï¸ğŸ˜”
Concertul a fost uimitor,ğŸµğŸ”¥ğŸ˜
È˜edinÈ›a a fost lungÄƒ È™i obositoare,ğŸ§ ğŸ˜©
AstÄƒzi prÄƒjitura fÄƒcutÄƒ acasÄƒ a fost delicioasÄƒ,ğŸ°ğŸ˜‹
Cafeaua de dimineaÈ›Äƒ a fost perfectÄƒ,â˜•ğŸ˜
Am jucat un joc nou foarte interesant,ğŸ®â­
MÄƒ simt excelent dupÄƒ antrenament foarte mult,ğŸ’ªğŸ˜„ğŸ”¥
Am vizitat un oraÈ™ superb,ğŸ™ï¸âœ¨ğŸ˜Š
AstÄƒzi am Ã®ncercat un nou restaurant È™i a fost excelent,ğŸ½ï¸ğŸ˜„
Mi-e dor de familia mea foarte mult,â¤ï¸ğŸ˜”
Sunt foarte trist È™i dezamÄƒgit,ğŸ˜¢ğŸ’”
"Pentru mine, vacanÈ›a la mare a fost incredibilÄƒ",ğŸ–ï¸ğŸŒŠğŸ˜
AstÄƒzi am jucat un joc nou foarte interesant,ğŸ®â­
Am vÄƒzut un film extrem de amuzant,ğŸ˜‚ğŸ¬
Am fÄƒcut o surprizÄƒ partenerului,ğŸâ¤ï¸
AstÄƒzi azi plouÄƒ foarte tare,ğŸŒ§ï¸ğŸ˜•
AstÄƒzi mi-a plÄƒcut mult excursia la munte,ğŸ”ï¸â¤ï¸
"Pentru mine, mi-am fÄƒcut analizele È™i sunt bune",ğŸ§ªğŸ˜Š
MÄƒ simt excelent dupÄƒ antrenament,ğŸ’ªğŸ˜„ğŸ”¥
Am pierdut ceva important È™i mÄƒ simt rÄƒu,ğŸ˜­ğŸ“‰
Am petrecut timp de calitate cu cei dragi,â¤ï¸ğŸ‘¨â€ğŸ‘©â€ğŸ‘§
MÄƒ simt iubit È™i apreciat foarte mult,â¤ï¸ğŸ˜Š
VÃ¢ntul bate puternic,ğŸ’¨ğŸ˜£
Concertul a fost uimitor,ğŸµğŸ”¥ğŸ˜
Am Ã®ncercat un nou restaurant È™i a fost excelent foarte mult,ğŸ½ï¸ğŸ˜„
Am pierdut ceva important È™i mÄƒ simt rÄƒu,ğŸ˜­ğŸ“‰
Cafeaua de dimineaÈ›Äƒ a fost perfectÄƒ,â˜•ğŸ˜
Am vizitat un oraÈ™ superb,ğŸ™ï¸âœ¨ğŸ˜Š
MÄƒ simt inspirat È™i plin de energie foarte mult,ğŸ’¡âš¡ğŸ˜Š
AstÄƒzi am terminat un proiect important,ğŸ“‚ğŸ‰
VacanÈ›a la mare a fost incredibilÄƒ foarte mult,ğŸ–ï¸ğŸŒŠğŸ˜
A fost o zi Ã®nsoritÄƒ È™i caldÄƒ foarte mult,â˜€ï¸ğŸ˜
"Pentru mine, nu mÄƒ simt bine deloc",ğŸ¤•ğŸ˜
"Pentru mine, nu mÄƒ simt bine deloc",ğŸ¤•ğŸ˜
AstÄƒzi vÃ¢ntul bate puternic,ğŸ’¨ğŸ˜£
Ziua de astÄƒzi a fost una dintre cele mai bune,ğŸŒğŸ˜„â¤ï¸
Concertul a fost uimitor,ğŸµğŸ”¥ğŸ˜
Am primit o veste minunatÄƒ de la prieteni,ğŸ‰ğŸ˜ŠğŸ’Œ
È˜edinÈ›a a fost lungÄƒ È™i obositoare,ğŸ§ ğŸ˜©
"Sunt extrem de fericit astÄƒzi, totul merge perfect",ğŸ˜ŠğŸ˜„âœ¨
AstÄƒzi prÄƒjitura fÄƒcutÄƒ acasÄƒ a fost delicioasÄƒ,ğŸ°ğŸ˜‹
Nu mÄƒ simt bine deloc,ğŸ¤•ğŸ˜
Serialul pe care Ã®l urmÄƒresc devine tot mai bun foarte mult,ğŸ“ºğŸ˜„
AstÄƒzi azi a fost o zi epuizantÄƒ È™i grea,ğŸ˜©ğŸ˜”
Am pierdut ceva important È™i mÄƒ simt rÄƒu,ğŸ˜­ğŸ“‰
Am fÄƒcut o surprizÄƒ partenerului,ğŸâ¤ï¸
AstÄƒzi ninge liniÈ™tit afarÄƒ,â„ï¸ğŸ˜Š
Mi-am fÄƒcut analizele È™i sunt bune foarte mult,ğŸ§ªğŸ˜Š
AstÄƒzi mÄƒ simt iubit È™i apreciat,â¤ï¸ğŸ˜Š
Am jucat un joc nou foarte interesant,ğŸ®â­
AstÄƒzi mÄƒ simt inspirat È™i plin de energie,ğŸ’¡âš¡ğŸ˜Š
"Pentru mine, am petrecut timp de calitate cu cei dragi",â¤ï¸ğŸ‘¨â€ğŸ‘©â€ğŸ‘§
Concertul a fost uimitor,ğŸµğŸ”¥ğŸ˜
Zborul a decurs foarte bine foarte mult,âœˆï¸ğŸ‘
AstÄƒzi prÄƒjitura fÄƒcutÄƒ acasÄƒ a fost delicioasÄƒ,ğŸ°ğŸ˜‹
Mi-am fÄƒcut analizele È™i sunt bune foarte mult,ğŸ§ªğŸ˜Š
AstÄƒzi am pierdut ceva important È™i mÄƒ simt rÄƒu,ğŸ˜­ğŸ“‰
"Pentru mine, am Ã®ncercat un nou restaurant È™i a fost excelent",ğŸ½ï¸ğŸ˜„
AstÄƒzi mi-am fÄƒcut analizele È™i sunt bune,ğŸ§ªğŸ˜Š
Zborul a decurs foarte bine foarte mult,âœˆï¸ğŸ‘
AstÄƒzi cafeaua de dimineaÈ›Äƒ a fost perfectÄƒ,â˜•ğŸ˜
Nu mÄƒ simt bine deloc,ğŸ¤•ğŸ˜
AstÄƒzi mi-e dor de familia mea,â¤ï¸ğŸ˜”
Am vizitat un oraÈ™ superb,ğŸ™ï¸âœ¨ğŸ˜Š
"Pentru mine, mi-a plÄƒcut mult excursia la munte",ğŸ”ï¸â¤ï¸
Nu mÄƒ simt bine deloc,ğŸ¤•ğŸ˜
AstÄƒzi cafeaua de dimineaÈ›Äƒ a fost perfectÄƒ,â˜•ğŸ˜
"Pentru mine, nu mÄƒ simt bine deloc",ğŸ¤•ğŸ˜
Concertul a fost uimitor,ğŸµğŸ”¥ğŸ˜
Am Ã®nvÄƒÈ›at ceva nou È™i util foarte mult,ğŸ’¡ğŸ“˜ğŸ˜Š
Mi-am fÄƒcut analizele È™i sunt bune foarte mult,ğŸ§ªğŸ˜Š
"Pentru mine, sunt foarte trist È™i dezamÄƒgit",ğŸ˜¢ğŸ’”
AstÄƒzi mÄƒ doare capul È™i sunt foarte obosit,ğŸ¤•ğŸ˜´
Zborul a decurs foarte bine,âœˆï¸ğŸ‘
Am jucat un joc nou foarte interesant foarte mult,ğŸ®â­
AstÄƒzi mÄƒ doare capul È™i sunt foarte obosit,ğŸ¤•ğŸ˜´
"Pentru mine, È™edinÈ›a a fost lungÄƒ È™i obositoare",ğŸ§ ğŸ˜©
Am primit o veste minunatÄƒ de la prieteni,ğŸ‰ğŸ˜ŠğŸ’Œ
MÄƒ simt inspirat È™i plin de energie,ğŸ’¡âš¡ğŸ˜Š
Sunt foarte trist È™i dezamÄƒgit,ğŸ˜¢ğŸ’”
Am pierdut ceva important È™i mÄƒ simt rÄƒu,ğŸ˜­ğŸ“‰
Nu mÄƒ simt bine deloc foarte mult,ğŸ¤•ğŸ˜
Am rÄƒcit puÈ›in,ğŸ¤§ğŸ¥¶
Am jucat un joc nou foarte interesant foarte mult,ğŸ®â­
È˜edinÈ›a a fost lungÄƒ È™i obositoare,ğŸ§ ğŸ˜©
AstÄƒzi am jucat un joc nou foarte interesant,ğŸ®â­
AstÄƒzi nu mÄƒ simt bine deloc,ğŸ¤•ğŸ˜
"Pentru mine, am fÄƒcut o surprizÄƒ partenerului",ğŸâ¤ï¸
Am terminat un proiect important foarte mult,ğŸ“‚ğŸ‰
Sunt foarte trist È™i dezamÄƒgit,ğŸ˜¢ğŸ’”
MÄƒ simt inspirat È™i plin de energie,ğŸ’¡âš¡ğŸ˜Š
Am rÄƒcit puÈ›in,ğŸ¤§ğŸ¥¶
Mi-am fÄƒcut analizele È™i sunt bune foarte mult,ğŸ§ªğŸ˜Š
"Pentru mine, am vÄƒzut un film extrem de amuzant",ğŸ˜‚ğŸ¬
È˜edinÈ›a a fost lungÄƒ È™i obositoare,ğŸ§ ğŸ˜©
Am vÄƒzut un film extrem de amuzant,ğŸ˜‚ğŸ¬
Am jucat un joc nou foarte interesant,ğŸ®â­
AstÄƒzi am primit o veste minunatÄƒ de la prieteni,ğŸ‰ğŸ˜ŠğŸ’Œ
"Pentru mine, am fÄƒcut o surprizÄƒ partenerului",ğŸâ¤ï¸
AstÄƒzi mi-am fÄƒcut analizele È™i sunt bune,ğŸ§ªğŸ˜Š
AstÄƒzi vÃ¢ntul bate puternic,ğŸ’¨ğŸ˜£
Am jucat un joc nou foarte interesant,ğŸ®â­
"Pentru mine, concertul a fost uimitor",ğŸµğŸ”¥ğŸ˜
"Sunt extrem de fericit astÄƒzi, totul merge perfect",ğŸ˜ŠğŸ˜„âœ¨
Am avut foarte mult de lucru azi,ğŸ“šğŸ˜µ
MÄƒ doare capul È™i sunt foarte obosit foarte mult,ğŸ¤•ğŸ˜´
AstÄƒzi mÄƒ simt excelent dupÄƒ antrenament,ğŸ’ªğŸ˜„ğŸ”¥
Am vÄƒzut un film extrem de amuzant,ğŸ˜‚ğŸ¬
Am vÄƒzut un film extrem de amuzant,ğŸ˜‚ğŸ¬
AstÄƒzi am rÄƒcit puÈ›in,ğŸ¤§ğŸ¥¶
VacanÈ›a la mare a fost incredibilÄƒ,ğŸ–ï¸ğŸŒŠğŸ˜
MÄƒ simt iubit È™i apreciat foarte mult,â¤ï¸ğŸ˜Š
Nu mÄƒ simt bine deloc,ğŸ¤•ğŸ˜
Mi-e dor de familia mea foarte mult,â¤ï¸ğŸ˜”
AstÄƒzi mi-am fÄƒcut analizele È™i sunt bune,ğŸ§ªğŸ˜Š
Concertul a fost uimitor,ğŸµğŸ”¥ğŸ˜
AstÄƒzi am pierdut ceva important È™i mÄƒ simt rÄƒu,ğŸ˜­ğŸ“‰
Am mÃ¢ncat cea mai bunÄƒ pizza din viaÈ›a mea foarte mult,ğŸ•ğŸ¤¤ğŸ˜
Concertul a fost uimitor foarte mult,ğŸµğŸ”¥ğŸ˜
Am primit o veste minunatÄƒ de la prieteni,ğŸ‰ğŸ˜ŠğŸ’Œ
AstÄƒzi mi-a plÄƒcut mult excursia la munte,ğŸ”ï¸â¤ï¸
"Pentru mine, mi-am fÄƒcut analizele È™i sunt bune",ğŸ§ªğŸ˜Š
Am vÄƒzut un film extrem de amuzant,ğŸ˜‚ğŸ¬
AstÄƒzi vÃ¢ntul bate puternic,ğŸ’¨ğŸ˜£
Cafeaua de dimineaÈ›Äƒ a fost perfectÄƒ foarte mult,â˜•ğŸ˜
Am primit o veste minunatÄƒ de la prieteni foarte mult,ğŸ‰ğŸ˜ŠğŸ’Œ
AstÄƒzi a fost o zi Ã®nsoritÄƒ È™i caldÄƒ,â˜€ï¸ğŸ˜
Am pierdut ceva important È™i mÄƒ simt rÄƒu foarte mult,ğŸ˜­ğŸ“‰
Cafeaua de dimineaÈ›Äƒ a fost perfectÄƒ,â˜•ğŸ˜
"Pentru mine, sunt foarte trist È™i dezamÄƒgit",ğŸ˜¢ğŸ’”
Serialul pe care Ã®l urmÄƒresc devine tot mai bun foarte mult,ğŸ“ºğŸ˜„
Am fÄƒcut o surprizÄƒ partenerului foarte mult,ğŸâ¤ï¸
AstÄƒzi mÄƒ simt iubit È™i apreciat,â¤ï¸ğŸ˜Š
Am primit o veste minunatÄƒ de la prieteni,ğŸ‰ğŸ˜ŠğŸ’Œ
Mi-a plÄƒcut mult excursia la munte,ğŸ”ï¸â¤ï¸
Am fÄƒcut o surprizÄƒ partenerului,ğŸâ¤ï¸
"Pentru mine, concertul a fost uimitor",ğŸµğŸ”¥ğŸ˜
MÄƒ doare capul È™i sunt foarte obosit,ğŸ¤•ğŸ˜´
VÃ¢ntul bate puternic foarte mult,ğŸ’¨ğŸ˜£
AstÄƒzi È™edinÈ›a a fost lungÄƒ È™i obositoare,ğŸ§ ğŸ˜©
AstÄƒzi mÄƒ doare capul È™i sunt foarte obosit,ğŸ¤•ğŸ˜´
Am vizitat un oraÈ™ superb,ğŸ™ï¸âœ¨ğŸ˜Š
Am mÃ¢ncat cea mai bunÄƒ pizza din viaÈ›a mea,ğŸ•ğŸ¤¤ğŸ˜
Am petrecut timp de calitate cu cei dragi,â¤ï¸ğŸ‘¨â€ğŸ‘©â€ğŸ‘§
"Pentru mine, a fost o zi Ã®nsoritÄƒ È™i caldÄƒ",â˜€ï¸ğŸ˜
MÄƒ doare capul È™i sunt foarte obosit,ğŸ¤•ğŸ˜´
"Pentru mine, vÃ¢ntul bate puternic",ğŸ’¨ğŸ˜£
AstÄƒzi am mÃ¢ncat cea mai bunÄƒ pizza din viaÈ›a mea,ğŸ•ğŸ¤¤ğŸ˜
AstÄƒzi azi a fost o zi epuizantÄƒ È™i grea,ğŸ˜©ğŸ˜”
Am mÃ¢ncat cea mai bunÄƒ pizza din viaÈ›a mea,ğŸ•ğŸ¤¤ğŸ˜
Am vÄƒzut un film extrem de amuzant foarte mult,ğŸ˜‚ğŸ¬
AstÄƒzi concertul a fost uimitor,ğŸµğŸ”¥ğŸ˜
AstÄƒzi nu mÄƒ simt bine deloc,ğŸ¤•ğŸ˜
Am rÄƒcit puÈ›in,ğŸ¤§ğŸ¥¶
MÄƒ simt excelent dupÄƒ antrenament,ğŸ’ªğŸ˜„ğŸ”¥
Am jucat un joc nou foarte interesant,ğŸ®â­
Am pierdut ceva important È™i mÄƒ simt rÄƒu foarte mult,ğŸ˜­ğŸ“‰
Zborul a decurs foarte bine,âœˆï¸ğŸ‘
Am avut foarte mult de lucru astÄƒzi,ğŸ“šğŸ˜µ
Am mÃ¢ncat cea mai bunÄƒ pizza din viaÈ›a mea,ğŸ•ğŸ¤¤ğŸ˜
"Pentru mine, ziua de azi a fost una dintre cele mai bune",ğŸŒğŸ˜„â¤ï¸
"Pentru mine, nu mÄƒ simt bine deloc",ğŸ¤•ğŸ˜
MÄƒ simt iubit È™i apreciat,â¤ï¸ğŸ˜Š
AstÄƒzi mi-e dor de familia mea,â¤ï¸ğŸ˜”
AstÄƒzi mÄƒ simt inspirat È™i plin de energie,ğŸ’¡âš¡ğŸ˜Š
Am rÄƒcit puÈ›in foarte mult,ğŸ¤§ğŸ¥¶
"Pentru mine, mi-e dor de familia mea",â¤ï¸ğŸ˜”
Concertul a fost uimitor,ğŸµğŸ”¥ğŸ˜
AstÄƒzi am Ã®nvÄƒÈ›at ceva nou È™i util,ğŸ’¡ğŸ“˜ğŸ˜Š
AstÄƒzi vacanÈ›a la mare a fost incredibilÄƒ,ğŸ–ï¸ğŸŒŠğŸ˜
"Pentru mine, am mÃ¢ncat cea mai bunÄƒ pizza din viaÈ›a mea",ğŸ•ğŸ¤¤ğŸ˜
"Pentru mine, am petrecut timp de calitate cu cei dragi",â¤ï¸ğŸ‘¨â€ğŸ‘©â€ğŸ‘§
MÄƒ simt iubit È™i apreciat foarte mult,â¤ï¸ğŸ˜Š
AstÄƒzi prÄƒjitura fÄƒcutÄƒ acasÄƒ a fost delicioasÄƒ,ğŸ°ğŸ˜‹
"Sunt extrem de fericit astÄƒzi, totul merge perfect foarte mult",ğŸ˜ŠğŸ˜„âœ¨
"Pentru mine, mÄƒ simt excelent dupÄƒ antrenament",ğŸ’ªğŸ˜„ğŸ”¥
Am mÃ¢ncat cea mai bunÄƒ pizza din viaÈ›a mea,ğŸ•ğŸ¤¤ğŸ˜
Ninge liniÈ™tit afarÄƒ foarte mult,â„ï¸ğŸ˜Š
"Pentru mine, cafeaua de dimineaÈ›Äƒ a fost perfectÄƒ",â˜•ğŸ˜
È˜edinÈ›a a fost lungÄƒ È™i obositoare,ğŸ§ ğŸ˜©
AstÄƒzi È™edinÈ›a a fost lungÄƒ È™i obositoare,ğŸ§ ğŸ˜©
AstÄƒzi azi a fost o zi epuizantÄƒ È™i grea,ğŸ˜©ğŸ˜”
Am primit o veste minunatÄƒ de la prieteni,ğŸ‰ğŸ˜ŠğŸ’Œ
"Pentru mine, am rÄƒcit puÈ›in",ğŸ¤§ğŸ¥¶
Am rÄƒcit puÈ›in,ğŸ¤§ğŸ¥¶
"Pentru mine, zborul a decurs foarte bine",âœˆï¸ğŸ‘
"Pentru mine, ziua de azi a fost una dintre cele mai bune",ğŸŒğŸ˜„â¤ï¸
Nu mÄƒ simt bine deloc,ğŸ¤•ğŸ˜
Cafeaua de dimineaÈ›Äƒ a fost perfectÄƒ,â˜•ğŸ˜
Am mÃ¢ncat cea mai bunÄƒ pizza din viaÈ›a mea,ğŸ•ğŸ¤¤ğŸ˜
AstÄƒzi am jucat un joc nou foarte interesant,ğŸ®â­
AstÄƒzi am vizitat un oraÈ™ superb,ğŸ™ï¸âœ¨ğŸ˜Š
VacanÈ›a la mare a fost incredibilÄƒ foarte mult,ğŸ–ï¸ğŸŒŠğŸ˜
Concertul a fost uimitor,ğŸµğŸ”¥ğŸ˜
È˜edinÈ›a a fost lungÄƒ È™i obositoare foarte mult,ğŸ§ ğŸ˜©
AstÄƒzi È™edinÈ›a a fost lungÄƒ È™i obositoare,ğŸ§ ğŸ˜©
È˜edinÈ›a a fost lungÄƒ È™i obositoare foarte mult,ğŸ§ ğŸ˜©
Am pierdut ceva important È™i mÄƒ simt rÄƒu foarte mult,ğŸ˜­ğŸ“‰
AstÄƒzi mÄƒ simt inspirat È™i plin de energie,ğŸ’¡âš¡ğŸ˜Š
È˜edinÈ›a a fost lungÄƒ È™i obositoare foarte mult,ğŸ§ ğŸ˜©
Am rÄƒcit puÈ›in,ğŸ¤§ğŸ¥¶
Nu mÄƒ simt bine deloc foarte mult,ğŸ¤•ğŸ˜
AstÄƒzi am jucat un joc nou foarte interesant,ğŸ®â­
Am fÄƒcut o surprizÄƒ partenerului foarte mult,ğŸâ¤ï¸
AstÄƒzi È™edinÈ›a a fost lungÄƒ È™i obositoare,ğŸ§ ğŸ˜©
Am avut foarte mult de lucru azi foarte mult,ğŸ“šğŸ˜µ
"Pentru mine, prÄƒjitura fÄƒcutÄƒ acasÄƒ a fost delicioasÄƒ",ğŸ°ğŸ˜‹
"Sunt extrem de fericit astÄƒzi, totul merge perfect",ğŸ˜ŠğŸ˜„âœ¨
"Pentru mine, mÄƒ doare capul È™i sunt foarte obosit",ğŸ¤•ğŸ˜´
MÄƒ doare capul È™i sunt foarte obosit,ğŸ¤•ğŸ˜´
Am pierdut ceva important È™i mÄƒ simt rÄƒu foarte mult,ğŸ˜­ğŸ“‰
Cafeaua de dimineaÈ›Äƒ a fost perfectÄƒ,â˜•ğŸ˜
AstÄƒzi ninge liniÈ™tit afarÄƒ,â„ï¸ğŸ˜Š
Nu mÄƒ simt bine deloc,ğŸ¤•ğŸ˜
AstÄƒzi concertul a fost uimitor,ğŸµğŸ”¥ğŸ˜
Azi plouÄƒ foarte tare,ğŸŒ§ï¸ğŸ˜•
MÄƒ simt inspirat È™i plin de energie foarte mult,ğŸ’¡âš¡ğŸ˜Š
Mi-e dor de familia mea,â¤ï¸ğŸ˜”
AstÄƒzi mÄƒ simt excelent dupÄƒ antrenament,ğŸ’ªğŸ˜„ğŸ”¥
AstÄƒzi am petrecut timp de calitate cu cei dragi,â¤ï¸ğŸ‘¨â€ğŸ‘©â€ğŸ‘§
Serialul pe care Ã®l urmÄƒresc devine tot mai bun,ğŸ“ºğŸ˜„
"Pentru mine, am avut foarte mult de lucru azi",ğŸ“šğŸ˜µ
"Pentru mine, vacanÈ›a la mare a fost incredibilÄƒ",ğŸ–ï¸ğŸŒŠğŸ˜
Azi a fost o zi epuizantÄƒ È™i grea,ğŸ˜©ğŸ˜”
"Pentru mine, mi-a plÄƒcut mult excursia la munte",ğŸ”ï¸â¤ï¸
Am Ã®nvÄƒÈ›at ceva nou È™i util,ğŸ’¡ğŸ“˜ğŸ˜Š
AstÄƒzi am fÄƒcut o surprizÄƒ partenerului,ğŸâ¤ï¸
"Pentru mine, mÄƒ simt iubit È™i apreciat",â¤ï¸ğŸ˜Š
MÄƒ simt iubit È™i apreciat foarte mult,â¤ï¸ğŸ˜Š
Am petrecut timp de calitate cu cei dragi,â¤ï¸ğŸ‘¨â€ğŸ‘©â€ğŸ‘§
AstÄƒzi am petrecut timp de calitate cu cei dragi,â¤ï¸ğŸ‘¨â€ğŸ‘©â€ğŸ‘§
Mi-am fÄƒcut analizele È™i sunt bune,ğŸ§ªğŸ˜Š
VacanÈ›a la mare a fost incredibilÄƒ,ğŸ–ï¸ğŸŒŠğŸ˜
"Pentru mine, mÄƒ simt inspirat È™i plin de energie",ğŸ’¡âš¡ğŸ˜Š
AstÄƒzi ziua de azi a fost una dintre cele mai bune,ğŸŒğŸ˜„â¤ï¸
PrÄƒjitura fÄƒcutÄƒ acasÄƒ a fost delicioasÄƒ,ğŸ°ğŸ˜‹
"Pentru mine, vÃ¢ntul bate puternic",ğŸ’¨ğŸ˜£
Mi-e dor de familia mea,â¤ï¸ğŸ˜”
Azi a fost o zi epuizantÄƒ È™i grea,ğŸ˜©ğŸ˜”
AstÄƒzi a fost o zi epuizantÄƒ È™i grea,ğŸ˜©ğŸ˜”
"Pentru mine, am rÄƒcit puÈ›in",ğŸ¤§ğŸ¥¶
AstÄƒzi azi plouÄƒ foarte tare,ğŸŒ§ï¸ğŸ˜•
Am vÄƒzut un film extrem de amuzant foarte mult,ğŸ˜‚ğŸ¬
"Pentru mine, ninge liniÈ™tit afarÄƒ",â„ï¸ğŸ˜Š
Ninge liniÈ™tit afarÄƒ,â„ï¸ğŸ˜Š
"Pentru mine, vÃ¢ntul bate puternic",ğŸ’¨ğŸ˜£
"Pentru mine, am primit o veste minunatÄƒ de la prieteni",ğŸ‰ğŸ˜ŠğŸ’Œ
"Sunt extrem de fericit astÄƒzi, totul merge perfect",ğŸ˜ŠğŸ˜„âœ¨
Ninge liniÈ™tit afarÄƒ foarte mult,â„ï¸ğŸ˜Š
"Pentru mine, prÄƒjitura fÄƒcutÄƒ acasÄƒ a fost delicioasÄƒ",ğŸ°ğŸ˜‹
Am pierdut ceva important È™i mÄƒ simt rÄƒu,ğŸ˜­ğŸ“‰
MÄƒ simt iubit È™i apreciat,â¤ï¸ğŸ˜Š
AstÄƒzi mÄƒ simt excelent dupÄƒ antrenament,ğŸ’ªğŸ˜„ğŸ”¥
AstÄƒzi cafeaua de dimineaÈ›Äƒ a fost perfectÄƒ,â˜•ğŸ˜
Am jucat un joc nou foarte interesant,ğŸ®â­
AstÄƒzi am vÄƒzut un film extrem de amuzant,ğŸ˜‚ğŸ¬
Azi plouÄƒ foarte tare,ğŸŒ§ï¸ğŸ˜•
MÄƒ doare capul È™i sunt foarte obosit foarte mult,ğŸ¤•ğŸ˜´
"Pentru mine, zborul a decurs foarte bine",âœˆï¸ğŸ‘
Azi plouÄƒ foarte tare foarte mult,ğŸŒ§ï¸ğŸ˜•
"Pentru mine, am jucat un joc nou foarte interesant",ğŸ®â­
AstÄƒzi concertul a fost uimitor,ğŸµğŸ”¥ğŸ˜
"Pentru mine, am Ã®ncercat un nou restaurant È™i a fost excelent",ğŸ½ï¸ğŸ˜„
AstÄƒzi am terminat un proiect important,ğŸ“‚ğŸ‰
AstÄƒzi am petrecut timp de calitate cu cei dragi,â¤ï¸ğŸ‘¨â€ğŸ‘©â€ğŸ‘§
AstÄƒzi a fost o zi epuizantÄƒ È™i grea,ğŸ˜©ğŸ˜”
AstÄƒzi serialul pe care Ã®l urmÄƒresc devine tot mai bun,ğŸ“ºğŸ˜„
Nu mÄƒ simt bine deloc,ğŸ¤•ğŸ˜
AstÄƒzi vacanÈ›a la mare a fost incredibilÄƒ,ğŸ–ï¸ğŸŒŠğŸ˜
Am Ã®nvÄƒÈ›at ceva nou È™i util,ğŸ’¡ğŸ“˜ğŸ˜Š
AstÄƒzi cafeaua de dimineaÈ›Äƒ a fost perfectÄƒ,â˜•ğŸ˜
AstÄƒzi am rÄƒcit puÈ›in,ğŸ¤§ğŸ¥¶
MÄƒ simt iubit È™i apreciat,â¤ï¸ğŸ˜Š
Ninge liniÈ™tit afarÄƒ,â„ï¸ğŸ˜Š
MÄƒ simt excelent dupÄƒ antrenament,ğŸ’ªğŸ˜„ğŸ”¥
AstÄƒzi am pierdut ceva important È™i mÄƒ simt rÄƒu,ğŸ˜­ğŸ“‰
Am terminat un proiect important,ğŸ“‚ğŸ‰
AstÄƒzi am Ã®nvÄƒÈ›at ceva nou È™i util,ğŸ’¡ğŸ“˜ğŸ˜Š
"Pentru mine, am mÃ¢ncat cea mai bunÄƒ pizza din viaÈ›a mea",ğŸ•ğŸ¤¤ğŸ˜
MÄƒ simt inspirat È™i plin de energie,ğŸ’¡âš¡ğŸ˜Š
Cafeaua de dimineaÈ›Äƒ a fost perfectÄƒ foarte mult,â˜•ğŸ˜
AstÄƒzi ziua de azi a fost una dintre cele mai bune,ğŸŒğŸ˜„â¤ï¸
Am jucat un joc nou foarte interesant,ğŸ®â­
AstÄƒzi mi-e dor de familia mea,â¤ï¸ğŸ˜”
Am terminat un proiect important,ğŸ“‚ğŸ‰
È˜edinÈ›a a fost lungÄƒ È™i obositoare foarte mult,ğŸ§ ğŸ˜©
Am pierdut ceva important È™i mÄƒ simt rÄƒu foarte mult,ğŸ˜­ğŸ“‰
VacanÈ›a la mare a fost incredibilÄƒ,ğŸ–ï¸ğŸŒŠğŸ˜
Am rÄƒcit puÈ›in,ğŸ¤§ğŸ¥¶
Ziua de astÄƒzi a fost una dintre cele mai bune,ğŸŒğŸ˜„â¤ï¸
"Pentru mine, am Ã®nvÄƒÈ›at ceva nou È™i util",ğŸ’¡ğŸ“˜ğŸ˜Š
Am primit o veste minunatÄƒ de la prieteni foarte mult,ğŸ‰ğŸ˜ŠğŸ’Œ
Am terminat un proiect important,ğŸ“‚ğŸ‰
Mi-am fÄƒcut analizele È™i sunt bune,ğŸ§ªğŸ˜Š
AstÄƒzi vacanÈ›a la mare a fost incredibilÄƒ,ğŸ–ï¸ğŸŒŠğŸ˜
MÄƒ doare capul È™i sunt foarte obosit,ğŸ¤•ğŸ˜´
Mi-e dor de familia mea,â¤ï¸ğŸ˜”
AstÄƒzi am Ã®ncercat un nou restaurant È™i a fost excelent,ğŸ½ï¸ğŸ˜„
Ninge liniÈ™tit afarÄƒ foarte mult,â„ï¸ğŸ˜Š
Am fÄƒcut o surprizÄƒ partenerului,ğŸâ¤ï¸
Am avut foarte mult de lucru azi,ğŸ“šğŸ˜µ
VÃ¢ntul bate puternic,ğŸ’¨ğŸ˜£
VÃ¢ntul bate puternic,ğŸ’¨ğŸ˜£
È˜edinÈ›a a fost lungÄƒ È™i obositoare,ğŸ§ ğŸ˜©
AstÄƒzi am vizitat un oraÈ™ superb,ğŸ™ï¸âœ¨ğŸ˜Š
"Pentru mine, sunt foarte trist È™i dezamÄƒgit",ğŸ˜¢ğŸ’”
"Sunt extrem de fericit astÄƒzi, totul merge perfect",ğŸ˜ŠğŸ˜„âœ¨
VÃ¢ntul bate puternic,ğŸ’¨ğŸ˜£
Am terminat un proiect important foarte mult,ğŸ“‚ğŸ‰
Am vizitat un oraÈ™ superb,ğŸ™ï¸âœ¨ğŸ˜Š
Am fÄƒcut o surprizÄƒ partenerului,ğŸâ¤ï¸
AstÄƒzi mÄƒ doare capul È™i sunt foarte obosit,ğŸ¤•ğŸ˜´
AstÄƒzi am Ã®ncercat un nou restaurant È™i a fost excelent,ğŸ½ï¸ğŸ˜„
Azi a fost o zi epuizantÄƒ È™i grea,ğŸ˜©ğŸ˜”
Azi a fost o zi epuizantÄƒ È™i grea foarte mult,ğŸ˜©ğŸ˜”
Am avut foarte mult de lucru azi foarte mult,ğŸ“šğŸ˜µ
"Pentru mine, mi-e dor de familia mea",â¤ï¸ğŸ˜”
Am rÄƒcit puÈ›in,ğŸ¤§ğŸ¥¶
AstÄƒzi serialul pe care Ã®l urmÄƒresc devine tot mai bun,ğŸ“ºğŸ˜„
"Pentru mine, am vÄƒzut un film extrem de amuzant",ğŸ˜‚ğŸ¬
"Pentru mine, prÄƒjitura fÄƒcutÄƒ acasÄƒ a fost delicioasÄƒ",ğŸ°ğŸ˜‹
AstÄƒzi mÄƒ simt inspirat È™i plin de energie,ğŸ’¡âš¡ğŸ˜Š
Azi a fost o zi epuizantÄƒ È™i grea foarte mult,ğŸ˜©ğŸ˜”
Ziua de astÄƒzi a fost una dintre cele mai bune,ğŸŒğŸ˜„â¤ï¸
MÄƒ simt iubit È™i apreciat,â¤ï¸ğŸ˜Š
Mi-a plÄƒcut mult excursia la munte,ğŸ”ï¸â¤ï¸
VÃ¢ntul bate puternic,ğŸ’¨ğŸ˜£
Am terminat un proiect important,ğŸ“‚ğŸ‰
Mi-a plÄƒcut mult excursia la munte foarte mult,ğŸ”ï¸â¤ï¸
"Pentru mine, mi-e dor de familia mea",â¤ï¸ğŸ˜”
"Pentru mine, mi-am fÄƒcut analizele È™i sunt bune",ğŸ§ªğŸ˜Š
Am primit o veste minunatÄƒ de la prieteni foarte mult,ğŸ‰ğŸ˜ŠğŸ’Œ
"Pentru mine, am terminat un proiect important",ğŸ“‚ğŸ‰
Am petrecut timp de calitate cu cei dragi foarte mult,â¤ï¸ğŸ‘¨â€ğŸ‘©â€ğŸ‘§
AstÄƒzi nu mÄƒ simt bine deloc,ğŸ¤•ğŸ˜
Ninge liniÈ™tit afarÄƒ,â„ï¸ğŸ˜Š
Mi-a plÄƒcut mult excursia la munte,ğŸ”ï¸â¤ï¸
Cafeaua de dimineaÈ›Äƒ a fost perfectÄƒ,â˜•ğŸ˜
Concertul a fost uimitor,ğŸµğŸ”¥ğŸ˜
Mi-a plÄƒcut mult excursia la munte,ğŸ”ï¸â¤ï¸
AstÄƒzi am jucat un joc nou foarte interesant,ğŸ®â­
Mi-am fÄƒcut analizele È™i sunt bune,ğŸ§ªğŸ˜Š
Serialul pe care Ã®l urmÄƒresc devine tot mai bun,ğŸ“ºğŸ˜„
AstÄƒzi cafeaua de dimineaÈ›Äƒ a fost perfectÄƒ,â˜•ğŸ˜
Am vÄƒzut un film extrem de amuzant foarte mult,ğŸ˜‚ğŸ¬
Mi-e dor de familia mea foarte mult,â¤ï¸ğŸ˜”
Am rÄƒcit puÈ›in,ğŸ¤§ğŸ¥¶
Serialul pe care Ã®l urmÄƒresc devine tot mai bun foarte mult,ğŸ“ºğŸ˜„
AstÄƒzi mÄƒ simt inspirat È™i plin de energie,ğŸ’¡âš¡ğŸ˜Š
MÄƒ simt inspirat È™i plin de energie,ğŸ’¡âš¡ğŸ˜Š
"Pentru mine, am Ã®nvÄƒÈ›at ceva nou È™i util",ğŸ’¡ğŸ“˜ğŸ˜Š
Zborul a decurs foarte bine,âœˆï¸ğŸ‘
"Pentru mine, È™edinÈ›a a fost lungÄƒ È™i obositoare",ğŸ§ ğŸ˜©
"Pentru mine, sunt extrem de fericit astÄƒzi, totul merge perfect",ğŸ˜ŠğŸ˜„âœ¨
Concertul a fost uimitor,ğŸµğŸ”¥ğŸ˜
AstÄƒzi zborul a decurs foarte bine,âœˆï¸ğŸ‘
MÄƒ doare capul È™i sunt foarte obosit,ğŸ¤•ğŸ˜´
A fost o zi Ã®nsoritÄƒ È™i caldÄƒ foarte mult,â˜€ï¸ğŸ˜
MÄƒ simt excelent dupÄƒ antrenament foarte mult,ğŸ’ªğŸ˜„ğŸ”¥
"Pentru mine, mÄƒ simt iubit È™i apreciat",â¤ï¸ğŸ˜Š
Mi-a plÄƒcut mult excursia la munte,ğŸ”ï¸â¤ï¸
Am avut foarte mult de lucru azi foarte mult,ğŸ“šğŸ˜µ
Am vizitat un oraÈ™ superb,ğŸ™ï¸âœ¨ğŸ˜Š
"Pentru mine, mi-am fÄƒcut analizele È™i sunt bune",ğŸ§ªğŸ˜Š
AstÄƒzi am avut foarte mult de lucru azi,ğŸ“šğŸ˜µ
Am vÄƒzut un film extrem de amuzant,ğŸ˜‚ğŸ¬
Nu mÄƒ simt bine deloc,ğŸ¤•ğŸ˜
Zborul a decurs foarte bine foarte mult,âœˆï¸ğŸ‘
Am vizitat un oraÈ™ superb,ğŸ™ï¸âœ¨ğŸ˜Š
Am mÃ¢ncat cea mai bunÄƒ pizza din viaÈ›a mea foarte mult,ğŸ•ğŸ¤¤ğŸ˜
Zborul a decurs foarte bine foarte mult,âœˆï¸ğŸ‘
"Pentru mine, serialul pe care Ã®l urmÄƒresc devine tot mai bun",ğŸ“ºğŸ˜„
Am Ã®ncercat un nou restaurant È™i a fost excelent foarte mult,ğŸ½ï¸ğŸ˜„
Am pierdut ceva important È™i mÄƒ simt rÄƒu,ğŸ˜­ğŸ“‰
Am pierdut ceva important È™i mÄƒ simt rÄƒu,ğŸ˜­ğŸ“‰
VacanÈ›a la mare a fost incredibilÄƒ,ğŸ–ï¸ğŸŒŠğŸ˜
"Pentru mine, concertul a fost uimitor",ğŸµğŸ”¥ğŸ˜
AstÄƒzi zborul a decurs foarte bine,âœˆï¸ğŸ‘
AstÄƒzi azi a fost o zi epuizantÄƒ È™i grea,ğŸ˜©ğŸ˜”
MÄƒ doare capul È™i sunt foarte obosit,ğŸ¤•ğŸ˜´
Azi plouÄƒ foarte tare,ğŸŒ§ï¸ğŸ˜•
AstÄƒzi nu mÄƒ simt bine deloc,ğŸ¤•ğŸ˜
Am Ã®nvÄƒÈ›at ceva nou È™i util,ğŸ’¡ğŸ“˜ğŸ˜Š
AstÄƒzi am Ã®nvÄƒÈ›at ceva nou È™i util,ğŸ’¡ğŸ“˜ğŸ˜Š
AstÄƒzi mÄƒ doare capul È™i sunt foarte obosit,ğŸ¤•ğŸ˜´
AstÄƒzi ninge liniÈ™tit afarÄƒ,â„ï¸ğŸ˜Š
MÄƒ doare capul È™i sunt foarte obosit foarte mult,ğŸ¤•ğŸ˜´
PrÄƒjitura fÄƒcutÄƒ acasÄƒ a fost delicioasÄƒ foarte mult,ğŸ°ğŸ˜‹
Am Ã®ncercat un nou restaurant È™i a fost excelent,ğŸ½ï¸ğŸ˜„
VacanÈ›a la mare a fost incredibilÄƒ,ğŸ–ï¸ğŸŒŠğŸ˜
Concertul a fost uimitor,ğŸµğŸ”¥ğŸ˜
AstÄƒzi azi plouÄƒ foarte tare,ğŸŒ§ï¸ğŸ˜•
Am Ã®ncercat un nou restaurant È™i a fost excelent,ğŸ½ï¸ğŸ˜„
"Pentru mine, am pierdut ceva important È™i mÄƒ simt rÄƒu",ğŸ˜­ğŸ“‰
Am primit o veste minunatÄƒ de la prieteni foarte mult,ğŸ‰ğŸ˜ŠğŸ’Œ
Am jucat un joc nou foarte interesant foarte mult,ğŸ®â­
AstÄƒzi nu mÄƒ simt bine deloc,ğŸ¤•ğŸ˜
"Pentru mine, mi-a plÄƒcut mult excursia la munte",ğŸ”ï¸â¤ï¸
MÄƒ simt inspirat È™i plin de energie,ğŸ’¡âš¡ğŸ˜Š
Nu mÄƒ simt bine deloc foarte mult,ğŸ¤•ğŸ˜
"Pentru mine, concertul a fost uimitor",ğŸµğŸ”¥ğŸ˜
PrÄƒjitura fÄƒcutÄƒ acasÄƒ a fost delicioasÄƒ,ğŸ°ğŸ˜‹
"Pentru mine, zborul a decurs foarte bine",âœˆï¸ğŸ‘
Ziua de astÄƒzi a fost una dintre cele mai bune,ğŸŒğŸ˜„â¤ï¸
Am mÃ¢ncat cea mai bunÄƒ pizza din viaÈ›a mea,ğŸ•ğŸ¤¤ğŸ˜
"Pentru mine, am Ã®nvÄƒÈ›at ceva nou È™i util",ğŸ’¡ğŸ“˜ğŸ˜Š
Am jucat un joc nou foarte interesant foarte mult,ğŸ®â­
"Pentru mine, serialul pe care Ã®l urmÄƒresc devine tot mai bun",ğŸ“ºğŸ˜„
AstÄƒzi mÄƒ simt excelent dupÄƒ antrenament,ğŸ’ªğŸ˜„ğŸ”¥
Am fÄƒcut o surprizÄƒ partenerului foarte mult,ğŸâ¤ï¸
Am terminat un proiect important foarte mult,ğŸ“‚ğŸ‰
Mi-e dor de familia mea,â¤ï¸ğŸ˜”
AstÄƒzi serialul pe care Ã®l urmÄƒresc devine tot mai bun,ğŸ“ºğŸ˜„
MÄƒ simt excelent dupÄƒ antrenament,ğŸ’ªğŸ˜„ğŸ”¥
Am jucat un joc nou foarte interesant,ğŸ®â­
Am avut foarte mult de lucru azi foarte mult,ğŸ“šğŸ˜µ
VacanÈ›a la mare a fost incredibilÄƒ foarte mult,ğŸ–ï¸ğŸŒŠğŸ˜
AstÄƒzi ziua de azi a fost una dintre cele mai bune,ğŸŒğŸ˜„â¤ï¸
AstÄƒzi vÃ¢ntul bate puternic,ğŸ’¨ğŸ˜£
"Pentru mine, mi-a plÄƒcut mult excursia la munte",ğŸ”ï¸â¤ï¸
AstÄƒzi È™edinÈ›a a fost lungÄƒ È™i obositoare,ğŸ§ ğŸ˜©
"Pentru mine, mÄƒ simt excelent dupÄƒ antrenament",ğŸ’ªğŸ˜„ğŸ”¥
"Pentru mine, am rÄƒcit puÈ›in",ğŸ¤§ğŸ¥¶
Ziua de azi a fost una dintre cele mai bune foarte mult,ğŸŒğŸ˜„â¤ï¸
AstÄƒzi azi a fost o zi epuizantÄƒ È™i grea,ğŸ˜©ğŸ˜”
"Pentru mine, mÄƒ simt iubit È™i apreciat",â¤ï¸ğŸ˜Š
Am Ã®ncercat un nou restaurant È™i a fost excelent foarte mult,ğŸ½ï¸ğŸ˜„
AstÄƒzi zborul a decurs foarte bine,âœˆï¸ğŸ‘
AstÄƒzi mi-e dor de familia mea,â¤ï¸ğŸ˜”
"Pentru mine, mi-a plÄƒcut mult excursia la munte",ğŸ”ï¸â¤ï¸
Sunt foarte trist È™i dezamÄƒgit,ğŸ˜¢ğŸ’”
Am vÄƒzut un film extrem de amuzant,ğŸ˜‚ğŸ¬
Am pierdut ceva important È™i mÄƒ simt rÄƒu,ğŸ˜­ğŸ“‰
MÄƒ simt excelent dupÄƒ antrenament,ğŸ’ªğŸ˜„ğŸ”¥
"Pentru mine, sunt extrem de fericit astÄƒzi, totul merge perfect",ğŸ˜ŠğŸ˜„âœ¨
Azi plouÄƒ foarte tare foarte mult,ğŸŒ§ï¸ğŸ˜•
"Pentru mine, mÄƒ simt iubit È™i apreciat",â¤ï¸ğŸ˜Š
"Pentru mine, am Ã®ncercat un nou restaurant È™i a fost excelent",ğŸ½ï¸ğŸ˜„
"Pentru mine, mi-e dor de familia mea",â¤ï¸ğŸ˜”
Azi plouÄƒ foarte tare,ğŸŒ§ï¸ğŸ˜•
Am petrecut timp de calitate cu cei dragi,â¤ï¸ğŸ‘¨â€ğŸ‘©â€ğŸ‘§
"Pentru mine, am primit o veste minunatÄƒ de la prieteni",ğŸ‰ğŸ˜ŠğŸ’Œ
"Pentru mine, am pierdut ceva important È™i mÄƒ simt rÄƒu",ğŸ˜­ğŸ“‰
Am fÄƒcut o surprizÄƒ partenerului,ğŸâ¤ï¸
Am petrecut timp de calitate cu cei dragi,â¤ï¸ğŸ‘¨â€ğŸ‘©â€ğŸ‘§
Am jucat un joc nou foarte interesant foarte mult,ğŸ®â­
Am avut foarte mult de lucru astÄƒzi,ğŸ“šğŸ˜µ
Am Ã®nvÄƒÈ›at ceva nou È™i util,ğŸ’¡ğŸ“˜ğŸ˜Š
"Pentru mine, cafeaua de dimineaÈ›Äƒ a fost perfectÄƒ",â˜•ğŸ˜
Am rÄƒcit puÈ›in,ğŸ¤§ğŸ¥¶
Am pierdut ceva important È™i mÄƒ simt rÄƒu foarte mult,ğŸ˜­ğŸ“‰
AstÄƒzi vÃ¢ntul bate puternic,ğŸ’¨ğŸ˜£
"Pentru mine, ziua de azi a fost una dintre cele mai bune",ğŸŒğŸ˜„â¤ï¸
Am avut foarte mult de lucru azi,ğŸ“šğŸ˜µ
Sunt foarte trist È™i dezamÄƒgit,ğŸ˜¢ğŸ’”
AstÄƒzi prÄƒjitura fÄƒcutÄƒ acasÄƒ a fost delicioasÄƒ,ğŸ°ğŸ˜‹
Am jucat un joc nou foarte interesant,ğŸ®â­
"Pentru mine, mÄƒ simt iubit È™i apreciat",â¤ï¸ğŸ˜Š
AstÄƒzi vÃ¢ntul bate puternic,ğŸ’¨ğŸ˜£
"Pentru mine, am vÄƒzut un film extrem de amuzant",ğŸ˜‚ğŸ¬
Am primit o veste minunatÄƒ de la prieteni,ğŸ‰ğŸ˜ŠğŸ’Œ
Mi-e dor de familia mea foarte mult,â¤ï¸ğŸ˜”
AstÄƒzi mÄƒ simt excelent dupÄƒ antrenament,ğŸ’ªğŸ˜„ğŸ”¥
MÄƒ doare capul È™i sunt foarte obosit foarte mult,ğŸ¤•ğŸ˜´
Am Ã®ncercat un nou restaurant È™i a fost excelent,ğŸ½ï¸ğŸ˜„
Am terminat un proiect important,ğŸ“‚ğŸ‰
AstÄƒzi È™edinÈ›a a fost lungÄƒ È™i obositoare,ğŸ§ ğŸ˜©
"Pentru mine, am mÃ¢ncat cea mai bunÄƒ pizza din viaÈ›a mea",ğŸ•ğŸ¤¤ğŸ˜
"Pentru mine, mi-am fÄƒcut analizele È™i sunt bune",ğŸ§ªğŸ˜Š
MÄƒ doare capul È™i sunt foarte obosit foarte mult,ğŸ¤•ğŸ˜´
PrÄƒjitura fÄƒcutÄƒ acasÄƒ a fost delicioasÄƒ,ğŸ°ğŸ˜‹
Zborul a decurs foarte bine,âœˆï¸ğŸ‘
Mi-e dor de familia mea,â¤ï¸ğŸ˜”
"Pentru mine, azi a fost o zi epuizantÄƒ È™i grea",ğŸ˜©ğŸ˜”
Am pierdut ceva important È™i mÄƒ simt rÄƒu,ğŸ˜­ğŸ“‰
Am Ã®ncercat un nou restaurant È™i a fost excelent,ğŸ½ï¸ğŸ˜„
Am vizitat un oraÈ™ superb foarte mult,ğŸ™ï¸âœ¨ğŸ˜Š
A fost o zi Ã®nsoritÄƒ È™i caldÄƒ foarte mult,â˜€ï¸ğŸ˜
Am Ã®nvÄƒÈ›at ceva nou È™i util foarte mult,ğŸ’¡ğŸ“˜ğŸ˜Š
Am vÄƒzut un film extrem de amuzant,ğŸ˜‚ğŸ¬
A fost o zi Ã®nsoritÄƒ È™i caldÄƒ,â˜€ï¸ğŸ˜
AstÄƒzi am primit o veste minunatÄƒ de la prieteni,ğŸ‰ğŸ˜ŠğŸ’Œ
A fost o zi Ã®nsoritÄƒ È™i caldÄƒ foarte mult,â˜€ï¸ğŸ˜
Ninge liniÈ™tit afarÄƒ,â„ï¸ğŸ˜Š
AstÄƒzi mÄƒ simt iubit È™i apreciat,â¤ï¸ğŸ˜Š
MÄƒ doare capul È™i sunt foarte obosit,ğŸ¤•ğŸ˜´
Azi plouÄƒ foarte tare,ğŸŒ§ï¸ğŸ˜•
Am avut foarte mult de lucru astÄƒzi,ğŸ“šğŸ˜µ
MÄƒ simt iubit È™i apreciat,â¤ï¸ğŸ˜Š
"Pentru mine, mi-e dor de familia mea",â¤ï¸ğŸ˜”
Mi-am fÄƒcut analizele È™i sunt bune,ğŸ§ªğŸ˜Š
Am primit o veste minunatÄƒ de la prieteni,ğŸ‰ğŸ˜ŠğŸ’Œ
Am avut foarte mult de lucru astÄƒzi,ğŸ“šğŸ˜µ
Zborul a decurs foarte bine foarte mult,âœˆï¸ğŸ‘
Mi-a plÄƒcut mult excursia la munte,ğŸ”ï¸â¤ï¸
AstÄƒzi am vizitat un oraÈ™ superb,ğŸ™ï¸âœ¨ğŸ˜Š
AstÄƒzi azi a fost o zi epuizantÄƒ È™i grea,ğŸ˜©ğŸ˜”
Am avut foarte mult de lucru azi,ğŸ“šğŸ˜µ
Zborul a decurs foarte bine,âœˆï¸ğŸ‘
Am terminat un proiect important,ğŸ“‚ğŸ‰
Am vÄƒzut un film extrem de amuzant,ğŸ˜‚ğŸ¬
Am pierdut ceva important È™i mÄƒ simt rÄƒu foarte mult,ğŸ˜­ğŸ“‰
È˜edinÈ›a a fost lungÄƒ È™i obositoare foarte mult,ğŸ§ ğŸ˜©
"Pentru mine, mÄƒ doare capul È™i sunt foarte obosit",ğŸ¤•ğŸ˜´
"Pentru mine, sunt foarte trist È™i dezamÄƒgit",ğŸ˜¢ğŸ’”
Cafeaua de dimineaÈ›Äƒ a fost perfectÄƒ foarte mult,â˜•ğŸ˜
AstÄƒzi am avut foarte mult de lucru azi,ğŸ“šğŸ˜µ
"Sunt extrem de fericit astÄƒzi, totul merge perfect",ğŸ˜ŠğŸ˜„âœ¨
AstÄƒzi am Ã®nvÄƒÈ›at ceva nou È™i util,ğŸ’¡ğŸ“˜ğŸ˜Š
AstÄƒzi am terminat un proiect important,ğŸ“‚ğŸ‰
Am fÄƒcut o surprizÄƒ partenerului,ğŸâ¤ï¸
AstÄƒzi am vÄƒzut un film extrem de amuzant,ğŸ˜‚ğŸ¬
"Pentru mine, concertul a fost uimitor",ğŸµğŸ”¥ğŸ˜
AstÄƒzi cafeaua de dimineaÈ›Äƒ a fost perfectÄƒ,â˜•ğŸ˜
Am petrecut timp de calitate cu cei dragi,â¤ï¸ğŸ‘¨â€ğŸ‘©â€ğŸ‘§
"Pentru mine, mi-am fÄƒcut analizele È™i sunt bune",ğŸ§ªğŸ˜Š
Am fÄƒcut o surprizÄƒ partenerului,ğŸâ¤ï¸
"Pentru mine, zborul a decurs foarte bine",âœˆï¸ğŸ‘
"Pentru mine, mi-a plÄƒcut mult excursia la munte",ğŸ”ï¸â¤ï¸
"Pentru mine, mÄƒ simt inspirat È™i plin de energie",ğŸ’¡âš¡ğŸ˜Š
Am rÄƒcit puÈ›in,ğŸ¤§ğŸ¥¶
AstÄƒzi prÄƒjitura fÄƒcutÄƒ acasÄƒ a fost delicioasÄƒ,ğŸ°ğŸ˜‹
"Pentru mine, am Ã®nvÄƒÈ›at ceva nou È™i util",ğŸ’¡ğŸ“˜ğŸ˜Š
Azi plouÄƒ foarte tare foarte mult,ğŸŒ§ï¸ğŸ˜•
"Pentru mine, mÄƒ simt iubit È™i apreciat",â¤ï¸ğŸ˜Š
Zborul a decurs foarte bine foarte mult,âœˆï¸ğŸ‘
AstÄƒzi am vÄƒzut un film extrem de amuzant,ğŸ˜‚ğŸ¬
MÄƒ simt excelent dupÄƒ antrenament,ğŸ’ªğŸ˜„ğŸ”¥
"Pentru mine, azi a fost o zi epuizantÄƒ È™i grea",ğŸ˜©ğŸ˜”
Ninge liniÈ™tit afarÄƒ,â„ï¸ğŸ˜Š
Mi-am fÄƒcut analizele È™i sunt bune foarte mult,ğŸ§ªğŸ˜Š
Am rÄƒcit puÈ›in,ğŸ¤§ğŸ¥¶
Azi a fost o zi epuizantÄƒ È™i grea,ğŸ˜©ğŸ˜”
AstÄƒzi mi-e dor de familia mea,â¤ï¸ğŸ˜”
Am mÃ¢ncat cea mai bunÄƒ pizza din viaÈ›a mea,ğŸ•ğŸ¤¤ğŸ˜
AstÄƒzi vÃ¢ntul bate puternic,ğŸ’¨ğŸ˜£
Am Ã®ncercat un nou restaurant È™i a fost excelent,ğŸ½ï¸ğŸ˜„
AstÄƒzi È™edinÈ›a a fost lungÄƒ È™i obositoare,ğŸ§ ğŸ˜©
Am mÃ¢ncat cea mai bunÄƒ pizza din viaÈ›a mea,ğŸ•ğŸ¤¤ğŸ˜
AstÄƒzi ziua de azi a fost una dintre cele mai bune,ğŸŒğŸ˜„â¤ï¸
AstÄƒzi ziua de azi a fost una dintre cele mai bune,ğŸŒğŸ˜„â¤ï¸
Nu mÄƒ simt bine deloc,ğŸ¤•ğŸ˜
AstÄƒzi serialul pe care Ã®l urmÄƒresc devine tot mai bun,ğŸ“ºğŸ˜„
"Pentru mine, am Ã®ncercat un nou restaurant È™i a fost excelent",ğŸ½ï¸ğŸ˜„
Am mÃ¢ncat cea mai bunÄƒ pizza din viaÈ›a mea foarte mult,ğŸ•ğŸ¤¤ğŸ˜
MÄƒ simt inspirat È™i plin de energie foarte mult,ğŸ’¡âš¡ğŸ˜Š
"Pentru mine, am primit o veste minunatÄƒ de la prieteni",ğŸ‰ğŸ˜ŠğŸ’Œ
AstÄƒzi am terminat un proiect important,ğŸ“‚ğŸ‰
Azi plouÄƒ foarte tare foarte mult,ğŸŒ§ï¸ğŸ˜•
"Pentru mine, ninge liniÈ™tit afarÄƒ",â„ï¸ğŸ˜Š
VÃ¢ntul bate puternic,ğŸ’¨ğŸ˜£
Am jucat un joc nou foarte interesant foarte mult,ğŸ®â­
AstÄƒzi È™edinÈ›a a fost lungÄƒ È™i obositoare,ğŸ§ ğŸ˜©
Am pierdut ceva important È™i mÄƒ simt rÄƒu,ğŸ˜­ğŸ“‰
"Pentru mine, a fost o zi Ã®nsoritÄƒ È™i caldÄƒ",â˜€ï¸ğŸ˜
MÄƒ doare capul È™i sunt foarte obosit foarte mult,ğŸ¤•ğŸ˜´
"Pentru mine, concertul a fost uimitor",ğŸµğŸ”¥ğŸ˜
Am terminat un proiect important,ğŸ“‚ğŸ‰
PrÄƒjitura fÄƒcutÄƒ acasÄƒ a fost delicioasÄƒ,ğŸ°ğŸ˜‹
AstÄƒzi am Ã®nvÄƒÈ›at ceva nou È™i util,ğŸ’¡ğŸ“˜ğŸ˜Š
Am terminat un proiect important,ğŸ“‚ğŸ‰
Am petrecut timp de calitate cu cei dragi foarte mult,â¤ï¸ğŸ‘¨â€ğŸ‘©â€ğŸ‘§
Mi-a plÄƒcut mult excursia la munte,ğŸ”ï¸â¤ï¸
"Sunt extrem de fericit astÄƒzi, totul merge perfect",ğŸ˜ŠğŸ˜„âœ¨
Am mÃ¢ncat cea mai bunÄƒ pizza din viaÈ›a mea,ğŸ•ğŸ¤¤ğŸ˜
Zborul a decurs foarte bine,âœˆï¸ğŸ‘
"Pentru mine, sunt extrem de fericit astÄƒzi, totul merge perfect",ğŸ˜ŠğŸ˜„âœ¨
"Pentru mine, am rÄƒcit puÈ›in",ğŸ¤§ğŸ¥¶
Am avut foarte mult de lucru astÄƒzi,ğŸ“šğŸ˜µ
"Pentru mine, mi-e dor de familia mea",â¤ï¸ğŸ˜”
"Pentru mine, am pierdut ceva important È™i mÄƒ simt rÄƒu",ğŸ˜­ğŸ“‰
"Pentru mine, am mÃ¢ncat cea mai bunÄƒ pizza din viaÈ›a mea",ğŸ•ğŸ¤¤ğŸ˜
Cafeaua de dimineaÈ›Äƒ a fost perfectÄƒ,â˜•ğŸ˜
MÄƒ simt iubit È™i apreciat,â¤ï¸ğŸ˜Š
Am jucat un joc nou foarte interesant,ğŸ®â­
"Pentru mine, mi-a plÄƒcut mult excursia la munte",ğŸ”ï¸â¤ï¸
Ninge liniÈ™tit afarÄƒ,â„ï¸ğŸ˜Š
AstÄƒzi concertul a fost uimitor,ğŸµğŸ”¥ğŸ˜
MÄƒ doare capul È™i sunt foarte obosit,ğŸ¤•ğŸ˜´
Am Ã®nvÄƒÈ›at ceva nou È™i util foarte mult,ğŸ’¡ğŸ“˜ğŸ˜Š
AstÄƒzi azi a fost o zi epuizantÄƒ È™i grea,ğŸ˜©ğŸ˜”
AstÄƒzi am Ã®nvÄƒÈ›at ceva nou È™i util,ğŸ’¡ğŸ“˜ğŸ˜Š
Serialul pe care Ã®l urmÄƒresc devine tot mai bun,ğŸ“ºğŸ˜„
VÃ¢ntul bate puternic,ğŸ’¨ğŸ˜£
Am vizitat un oraÈ™ superb,ğŸ™ï¸âœ¨ğŸ˜Š
Mi-am fÄƒcut analizele È™i sunt bune,ğŸ§ªğŸ˜Š
AstÄƒzi mÄƒ simt inspirat È™i plin de energie,ğŸ’¡âš¡ğŸ˜Š
"Pentru mine, vacanÈ›a la mare a fost incredibilÄƒ",ğŸ–ï¸ğŸŒŠğŸ˜
Am pierdut ceva important È™i mÄƒ simt rÄƒu foarte mult,ğŸ˜­ğŸ“‰
MÄƒ simt inspirat È™i plin de energie foarte mult,ğŸ’¡âš¡ğŸ˜Š
Am Ã®nvÄƒÈ›at ceva nou È™i util foarte mult,ğŸ’¡ğŸ“˜ğŸ˜Š
"Pentru mine, mi-e dor de familia mea",â¤ï¸ğŸ˜”
AstÄƒzi vÃ¢ntul bate puternic,ğŸ’¨ğŸ˜£
VÃ¢ntul bate puternic foarte mult,ğŸ’¨ğŸ˜£
MÄƒ simt excelent dupÄƒ antrenament,ğŸ’ªğŸ˜„ğŸ”¥
AstÄƒzi ziua de azi a fost una dintre cele mai bune,ğŸŒğŸ˜„â¤ï¸
AstÄƒzi mi-am fÄƒcut analizele È™i sunt bune,ğŸ§ªğŸ˜Š
Sunt foarte trist È™i dezamÄƒgit,ğŸ˜¢ğŸ’”
AstÄƒzi ziua de azi a fost una dintre cele mai bune,ğŸŒğŸ˜„â¤ï¸
VacanÈ›a la mare a fost incredibilÄƒ,ğŸ–ï¸ğŸŒŠğŸ˜
"Pentru mine, am Ã®nvÄƒÈ›at ceva nou È™i util",ğŸ’¡ğŸ“˜ğŸ˜Š
AstÄƒzi am Ã®nvÄƒÈ›at ceva nou È™i util,ğŸ’¡ğŸ“˜ğŸ˜Š
Ziua de azi a fost una dintre cele mai bune foarte mult,ğŸŒğŸ˜„â¤ï¸
"Pentru mine, zborul a decurs foarte bine",âœˆï¸ğŸ‘
MÄƒ simt inspirat È™i plin de energie foarte mult,ğŸ’¡âš¡ğŸ˜Š
AstÄƒzi serialul pe care Ã®l urmÄƒresc devine tot mai bun,ğŸ“ºğŸ˜„
Mi-a plÄƒcut mult excursia la munte,ğŸ”ï¸â¤ï¸
AstÄƒzi am mÃ¢ncat cea mai bunÄƒ pizza din viaÈ›a mea,ğŸ•ğŸ¤¤ğŸ˜
Am petrecut timp de calitate cu cei dragi foarte mult,â¤ï¸ğŸ‘¨â€ğŸ‘©â€ğŸ‘§
"Sunt extrem de fericit astÄƒzi, totul merge perfect",ğŸ˜ŠğŸ˜„âœ¨
Am jucat un joc nou foarte interesant,ğŸ®â­
MÄƒ simt iubit È™i apreciat,â¤ï¸ğŸ˜Š
Azi a fost o zi epuizantÄƒ È™i grea foarte mult,ğŸ˜©ğŸ˜”
Azi a fost o zi epuizantÄƒ È™i grea,ğŸ˜©ğŸ˜”
Ninge liniÈ™tit afarÄƒ,â„ï¸ğŸ˜Š
Sunt foarte trist È™i dezamÄƒgit,ğŸ˜¢ğŸ’”
VÃ¢ntul bate puternic,ğŸ’¨ğŸ˜£
VÃ¢ntul bate puternic,ğŸ’¨ğŸ˜£
"Pentru mine, a fost o zi Ã®nsoritÄƒ È™i caldÄƒ",â˜€ï¸ğŸ˜
Mi-e dor de familia mea,â¤ï¸ğŸ˜”
"Pentru mine, mi-a plÄƒcut mult excursia la munte",ğŸ”ï¸â¤ï¸
AstÄƒzi mi-am fÄƒcut analizele È™i sunt bune,ğŸ§ªğŸ˜Š
È˜edinÈ›a a fost lungÄƒ È™i obositoare foarte mult,ğŸ§ ğŸ˜©
PrÄƒjitura fÄƒcutÄƒ acasÄƒ a fost delicioasÄƒ,ğŸ°ğŸ˜‹
"Pentru mine, am fÄƒcut o surprizÄƒ partenerului",ğŸâ¤ï¸
"Pentru mine, mÄƒ simt inspirat È™i plin de energie",ğŸ’¡âš¡ğŸ˜Š
Serialul pe care Ã®l urmÄƒresc devine tot mai bun foarte mult,ğŸ“ºğŸ˜„
MÄƒ doare capul È™i sunt foarte obosit,ğŸ¤•ğŸ˜´
MÄƒ simt excelent dupÄƒ antrenament,ğŸ’ªğŸ˜„ğŸ”¥
"Pentru mine, concertul a fost uimitor",ğŸµğŸ”¥ğŸ˜
Am pierdut ceva important È™i mÄƒ simt rÄƒu,ğŸ˜­ğŸ“‰
VacanÈ›a la mare a fost incredibilÄƒ,ğŸ–ï¸ğŸŒŠğŸ˜
"Pentru mine, am Ã®ncercat un nou restaurant È™i a fost excelent",ğŸ½ï¸ğŸ˜„
Serialul pe care Ã®l urmÄƒresc devine tot mai bun,ğŸ“ºğŸ˜„
"Pentru mine, am primit o veste minunatÄƒ de la prieteni",ğŸ‰ğŸ˜ŠğŸ’Œ
AstÄƒzi am Ã®ncercat un nou restaurant È™i a fost excelent,ğŸ½ï¸ğŸ˜„
"Pentru mine, vÃ¢ntul bate puternic",ğŸ’¨ğŸ˜£
AstÄƒzi am petrecut timp de calitate cu cei dragi,â¤ï¸ğŸ‘¨â€ğŸ‘©â€ğŸ‘§
Am avut foarte mult de lucru azi foarte mult,ğŸ“šğŸ˜µ
Concertul a fost uimitor foarte mult,ğŸµğŸ”¥ğŸ˜
Zborul a decurs foarte bine,âœˆï¸ğŸ‘
Am rÄƒcit puÈ›in,ğŸ¤§ğŸ¥¶
"Pentru mine, am petrecut timp de calitate cu cei dragi",â¤ï¸ğŸ‘¨â€ğŸ‘©â€ğŸ‘§
AstÄƒzi mÄƒ simt inspirat È™i plin de energie,ğŸ’¡âš¡ğŸ˜Š
AstÄƒzi am rÄƒcit puÈ›in,ğŸ¤§ğŸ¥¶
Azi plouÄƒ foarte tare foarte mult,ğŸŒ§ï¸ğŸ˜•
"Pentru mine, sunt extrem de fericit astÄƒzi, totul merge perfect",ğŸ˜ŠğŸ˜„âœ¨
Zborul a decurs foarte bine foarte mult,âœˆï¸ğŸ‘
Am pierdut ceva important È™i mÄƒ simt rÄƒu,ğŸ˜­ğŸ“‰
"Pentru mine, am fÄƒcut o surprizÄƒ partenerului",ğŸâ¤ï¸
AstÄƒzi am pierdut ceva important È™i mÄƒ simt rÄƒu,ğŸ˜­ğŸ“‰
"Pentru mine, am vÄƒzut un film extrem de amuzant",ğŸ˜‚ğŸ¬
AstÄƒzi vÃ¢ntul bate puternic,ğŸ’¨ğŸ˜£
Azi a fost o zi epuizantÄƒ È™i grea foarte mult,ğŸ˜©ğŸ˜”
"Pentru mine, a fost o zi Ã®nsoritÄƒ È™i caldÄƒ",â˜€ï¸ğŸ˜
"Pentru mine, mÄƒ simt iubit È™i apreciat",â¤ï¸ğŸ˜Š
Am vizitat un oraÈ™ superb foarte mult,ğŸ™ï¸âœ¨ğŸ˜Š
MÄƒ doare capul È™i sunt foarte obosit,ğŸ¤•ğŸ˜´
Am vizitat un oraÈ™ superb,ğŸ™ï¸âœ¨ğŸ˜Š
Am vÄƒzut un film extrem de amuzant,ğŸ˜‚ğŸ¬
Am fÄƒcut o surprizÄƒ partenerului,ğŸâ¤ï¸
"Pentru mine, nu mÄƒ simt bine deloc",ğŸ¤•ğŸ˜
Nu mÄƒ simt bine deloc,ğŸ¤•ğŸ˜
Serialul pe care Ã®l urmÄƒresc devine tot mai bun,ğŸ“ºğŸ˜„
MÄƒ simt iubit È™i apreciat,â¤ï¸ğŸ˜Š
"Pentru mine, ninge liniÈ™tit afarÄƒ",â„ï¸ğŸ˜Š
"Pentru mine, concertul a fost uimitor",ğŸµğŸ”¥ğŸ˜
"Pentru mine, serialul pe care Ã®l urmÄƒresc devine tot mai bun",ğŸ“ºğŸ˜„
A fost o zi Ã®nsoritÄƒ È™i caldÄƒ foarte mult,â˜€ï¸ğŸ˜
"Pentru mine, vÃ¢ntul bate puternic",ğŸ’¨ğŸ˜£
Am Ã®nvÄƒÈ›at ceva nou È™i util,ğŸ’¡ğŸ“˜ğŸ˜Š
Serialul pe care Ã®l urmÄƒresc devine tot mai bun,ğŸ“ºğŸ˜„
Am petrecut timp de calitate cu cei dragi,â¤ï¸ğŸ‘¨â€ğŸ‘©â€ğŸ‘§
AstÄƒzi a fost o zi Ã®nsoritÄƒ È™i caldÄƒ,â˜€ï¸ğŸ˜
"Pentru mine, mi-e dor de familia mea",â¤ï¸ğŸ˜”
"Pentru mine, mÄƒ simt excelent dupÄƒ antrenament",ğŸ’ªğŸ˜„ğŸ”¥
Ninge liniÈ™tit afarÄƒ,â„ï¸ğŸ˜Š
Am jucat un joc nou foarte interesant foarte mult,ğŸ®â­
Am fÄƒcut o surprizÄƒ partenerului,ğŸâ¤ï¸
AstÄƒzi am mÃ¢ncat cea mai bunÄƒ pizza din viaÈ›a mea,ğŸ•ğŸ¤¤ğŸ˜
È˜edinÈ›a a fost lungÄƒ È™i obositoare foarte mult,ğŸ§ ğŸ˜©
Zborul a decurs foarte bine foarte mult,âœˆï¸ğŸ‘
"Pentru mine, am pierdut ceva important È™i mÄƒ simt rÄƒu",ğŸ˜­ğŸ“‰
MÄƒ simt inspirat È™i plin de energie,ğŸ’¡âš¡ğŸ˜Š
"Pentru mine, nu mÄƒ simt bine deloc",ğŸ¤•ğŸ˜
Am Ã®ncercat un nou restaurant È™i a fost excelent,ğŸ½ï¸ğŸ˜„
Am fÄƒcut o surprizÄƒ partenerului foarte mult,ğŸâ¤ï¸
Am terminat un proiect important,ğŸ“‚ğŸ‰
Mi-e dor de familia mea foarte mult,â¤ï¸ğŸ˜”
"Pentru mine, am pierdut ceva important È™i mÄƒ simt rÄƒu",ğŸ˜­ğŸ“‰
"Pentru mine, am mÃ¢ncat cea mai bunÄƒ pizza din viaÈ›a mea",ğŸ•ğŸ¤¤ğŸ˜
Sunt foarte trist È™i dezamÄƒgit foarte mult,ğŸ˜¢ğŸ’”
Am terminat un proiect important,ğŸ“‚ğŸ‰
Am Ã®nvÄƒÈ›at ceva nou È™i util,ğŸ’¡ğŸ“˜ğŸ˜Š
"Pentru mine, cafeaua de dimineaÈ›Äƒ a fost perfectÄƒ",â˜•ğŸ˜
PrÄƒjitura fÄƒcutÄƒ acasÄƒ a fost delicioasÄƒ foarte mult,ğŸ°ğŸ˜‹
AstÄƒzi am mÃ¢ncat cea mai bunÄƒ pizza din viaÈ›a mea,ğŸ•ğŸ¤¤ğŸ˜
Am petrecut timp de calitate cu cei dragi,â¤ï¸ğŸ‘¨â€ğŸ‘©â€ğŸ‘§
Mi-am fÄƒcut analizele È™i sunt bune foarte mult,ğŸ§ªğŸ˜Š
"Pentru mine, azi plouÄƒ foarte tare",ğŸŒ§ï¸ğŸ˜•
Serialul pe care Ã®l urmÄƒresc devine tot mai bun,ğŸ“ºğŸ˜„
AstÄƒzi am primit o veste minunatÄƒ de la prieteni,ğŸ‰ğŸ˜ŠğŸ’Œ
"Pentru mine, sunt foarte trist È™i dezamÄƒgit",ğŸ˜¢ğŸ’”
Ninge liniÈ™tit afarÄƒ,â„ï¸ğŸ˜Š
AstÄƒzi am rÄƒcit puÈ›in,ğŸ¤§ğŸ¥¶
Azi a fost o zi epuizantÄƒ È™i grea,ğŸ˜©ğŸ˜”
Am pierdut ceva important È™i mÄƒ simt rÄƒu,ğŸ˜­ğŸ“‰
Sunt foarte trist È™i dezamÄƒgit foarte mult,ğŸ˜¢ğŸ’”
"Pentru mine, am fÄƒcut o surprizÄƒ partenerului",ğŸâ¤ï¸
MÄƒ simt excelent dupÄƒ antrenament,ğŸ’ªğŸ˜„ğŸ”¥
"Pentru mine, ninge liniÈ™tit afarÄƒ",â„ï¸ğŸ˜Š
VÃ¢ntul bate puternic foarte mult,ğŸ’¨ğŸ˜£
MÄƒ simt iubit È™i apreciat foarte mult,â¤ï¸ğŸ˜Š
PrÄƒjitura fÄƒcutÄƒ acasÄƒ a fost delicioasÄƒ foarte mult,ğŸ°ğŸ˜‹
AstÄƒzi vacanÈ›a la mare a fost incredibilÄƒ,ğŸ–ï¸ğŸŒŠğŸ˜
"Pentru mine, concertul a fost uimitor",ğŸµğŸ”¥ğŸ˜
Ninge liniÈ™tit afarÄƒ,â„ï¸ğŸ˜Š
AstÄƒzi mi-am fÄƒcut analizele È™i sunt bune,ğŸ§ªğŸ˜Š
Mi-a plÄƒcut mult excursia la munte,ğŸ”ï¸â¤ï¸
Cafeaua de dimineaÈ›Äƒ a fost perfectÄƒ,â˜•ğŸ˜
"Sunt extrem de fericit astÄƒzi, totul merge perfect foarte mult",ğŸ˜ŠğŸ˜„âœ¨
Nu mÄƒ simt bine deloc,ğŸ¤•ğŸ˜
Sunt foarte trist È™i dezamÄƒgit,ğŸ˜¢ğŸ’”
Mi-e dor de familia mea,â¤ï¸ğŸ˜”
"Pentru mine, am avut foarte mult de lucru azi",ğŸ“šğŸ˜µ
Am petrecut timp de calitate cu cei dragi,â¤ï¸ğŸ‘¨â€ğŸ‘©â€ğŸ‘§
MÄƒ simt inspirat È™i plin de energie,ğŸ’¡âš¡ğŸ˜Š
AstÄƒzi am pierdut ceva important È™i mÄƒ simt rÄƒu,ğŸ˜­ğŸ“‰
Ziua de azi a fost una dintre cele mai bune,ğŸŒğŸ˜„â¤ï¸
Am Ã®ncercat un nou restaurant È™i a fost excelent,ğŸ½ï¸ğŸ˜„
"Pentru mine, am vÄƒzut un film extrem de amuzant",ğŸ˜‚ğŸ¬
AstÄƒzi am pierdut ceva important È™i mÄƒ simt rÄƒu,ğŸ˜­ğŸ“‰
"Pentru mine, mÄƒ simt excelent dupÄƒ antrenament",ğŸ’ªğŸ˜„ğŸ”¥
"Pentru mine, am vÄƒzut un film extrem de amuzant",ğŸ˜‚ğŸ¬
AstÄƒzi am avut foarte mult de lucru azi,ğŸ“šğŸ˜µ
AstÄƒzi mi-a plÄƒcut mult excursia la munte,ğŸ”ï¸â¤ï¸
AstÄƒzi am terminat un proiect important,ğŸ“‚ğŸ‰
"Pentru mine, am fÄƒcut o surprizÄƒ partenerului",ğŸâ¤ï¸
"Pentru mine, cafeaua de dimineaÈ›Äƒ a fost perfectÄƒ",â˜•ğŸ˜
Am primit o veste minunatÄƒ de la prieteni,ğŸ‰ğŸ˜ŠğŸ’Œ
Am mÃ¢ncat cea mai bunÄƒ pizza din viaÈ›a mea,ğŸ•ğŸ¤¤ğŸ˜
Cafeaua de dimineaÈ›Äƒ a fost perfectÄƒ,â˜•ğŸ˜
Concertul a fost uimitor foarte mult,ğŸµğŸ”¥ğŸ˜
MÄƒ simt iubit È™i apreciat foarte mult,â¤ï¸ğŸ˜Š
Am Ã®nvÄƒÈ›at ceva nou È™i util foarte mult,ğŸ’¡ğŸ“˜ğŸ˜Š
"Pentru mine, concertul a fost uimitor",ğŸµğŸ”¥ğŸ˜
MÄƒ doare capul È™i sunt foarte obosit,ğŸ¤•ğŸ˜´
Am vizitat un oraÈ™ superb foarte mult,ğŸ™ï¸âœ¨ğŸ˜Š
MÄƒ simt inspirat È™i plin de energie,ğŸ’¡âš¡ğŸ˜Š
Mi-e dor de familia mea foarte mult,â¤ï¸ğŸ˜”
Ninge liniÈ™tit afarÄƒ foarte mult,â„ï¸ğŸ˜Š
"Pentru mine, azi plouÄƒ foarte tare",ğŸŒ§ï¸ğŸ˜•
MÄƒ doare capul È™i sunt foarte obosit foarte mult,ğŸ¤•ğŸ˜´
PrÄƒjitura fÄƒcutÄƒ acasÄƒ a fost delicioasÄƒ foarte mult,ğŸ°ğŸ˜‹
"Pentru mine, am jucat un joc nou foarte interesant",ğŸ®â­
"Pentru mine, ziua de azi a fost una dintre cele mai bune",ğŸŒğŸ˜„â¤ï¸
AstÄƒzi mÄƒ simt excelent dupÄƒ antrenament,ğŸ’ªğŸ˜„ğŸ”¥
A fost o zi Ã®nsoritÄƒ È™i caldÄƒ foarte mult,â˜€ï¸ğŸ˜
Zborul a decurs foarte bine,âœˆï¸ğŸ‘
AstÄƒzi am mÃ¢ncat cea mai bunÄƒ pizza din viaÈ›a mea,ğŸ•ğŸ¤¤ğŸ˜
Am Ã®ncercat un nou restaurant È™i a fost excelent foarte mult,ğŸ½ï¸ğŸ˜„
"AstÄƒzi sunt extrem de fericit astÄƒzi, totul merge perfect",ğŸ˜ŠğŸ˜„âœ¨
MÄƒ simt iubit È™i apreciat,â¤ï¸ğŸ˜Š
Am primit o veste minunatÄƒ de la prieteni foarte mult,ğŸ‰ğŸ˜ŠğŸ’Œ
Zborul a decurs foarte bine,âœˆï¸ğŸ‘
AstÄƒzi mÄƒ simt iubit È™i apreciat,â¤ï¸ğŸ˜Š
"Pentru mine, vÃ¢ntul bate puternic",ğŸ’¨ğŸ˜£
Concertul a fost uimitor foarte mult,ğŸµğŸ”¥ğŸ˜
"Pentru mine, mÄƒ simt inspirat È™i plin de energie",ğŸ’¡âš¡ğŸ˜Š
Concertul a fost uimitor,ğŸµğŸ”¥ğŸ˜
Azi plouÄƒ foarte tare,ğŸŒ§ï¸ğŸ˜•
"Pentru mine, a fost o zi Ã®nsoritÄƒ È™i caldÄƒ",â˜€ï¸ğŸ˜
MÄƒ simt iubit È™i apreciat,â¤ï¸ğŸ˜Š
AstÄƒzi mi-a plÄƒcut mult excursia la munte,ğŸ”ï¸â¤ï¸
Mi-a plÄƒcut mult excursia la munte foarte mult,ğŸ”ï¸â¤ï¸
Mi-am fÄƒcut analizele È™i sunt bune,ğŸ§ªğŸ˜Š
AstÄƒzi azi plouÄƒ foarte tare,ğŸŒ§ï¸ğŸ˜•
Am primit o veste minunatÄƒ de la prieteni,ğŸ‰ğŸ˜ŠğŸ’Œ
AstÄƒzi a fost o zi epuizantÄƒ È™i grea,ğŸ˜©ğŸ˜”
VÃ¢ntul bate puternic foarte mult,ğŸ’¨ğŸ˜£
Am vÄƒzut un film extrem de amuzant,ğŸ˜‚ğŸ¬
Am fÄƒcut o surprizÄƒ partenerului,ğŸâ¤ï¸
Am Ã®nvÄƒÈ›at ceva nou È™i util,ğŸ’¡ğŸ“˜ğŸ˜Š
Am vÄƒzut un film extrem de amuzant,ğŸ˜‚ğŸ¬
AstÄƒzi ziua de azi a fost una dintre cele mai bune,ğŸŒğŸ˜„â¤ï¸
Zborul a decurs foarte bine,âœˆï¸ğŸ‘
"Pentru mine, azi plouÄƒ foarte tare",ğŸŒ§ï¸ğŸ˜•
"Pentru mine, am mÃ¢ncat cea mai bunÄƒ pizza din viaÈ›a mea",ğŸ•ğŸ¤¤ğŸ˜
Am fÄƒcut o surprizÄƒ partenerului,ğŸâ¤ï¸
AstÄƒzi am rÄƒcit puÈ›in,ğŸ¤§ğŸ¥¶
Cafeaua de dimineaÈ›Äƒ a fost perfectÄƒ,â˜•ğŸ˜
AstÄƒzi serialul pe care Ã®l urmÄƒresc devine tot mai bun,ğŸ“ºğŸ˜„
"Pentru mine, am terminat un proiect important",ğŸ“‚ğŸ‰
MÄƒ simt inspirat È™i plin de energie,ğŸ’¡âš¡ğŸ˜Š
Am Ã®nvÄƒÈ›at ceva nou È™i util foarte mult,ğŸ’¡ğŸ“˜ğŸ˜Š
Am Ã®ncercat un nou restaurant È™i a fost excelent,ğŸ½ï¸ğŸ˜„
È˜edinÈ›a a fost lungÄƒ È™i obositoare foarte mult,ğŸ§ ğŸ˜©
Serialul pe care Ã®l urmÄƒresc devine tot mai bun,ğŸ“ºğŸ˜„
Am jucat un joc nou foarte interesant,ğŸ®â­
Am fÄƒcut o surprizÄƒ partenerului,ğŸâ¤ï¸
AstÄƒzi mÄƒ simt inspirat È™i plin de energie,ğŸ’¡âš¡ğŸ˜Š
Sunt foarte trist È™i dezamÄƒgit,ğŸ˜¢ğŸ’”
"Pentru mine, a fost o zi Ã®nsoritÄƒ È™i caldÄƒ",â˜€ï¸ğŸ˜
Am fÄƒcut o surprizÄƒ partenerului,ğŸâ¤ï¸
MÄƒ simt excelent dupÄƒ antrenament,ğŸ’ªğŸ˜„ğŸ”¥
Am primit o veste minunatÄƒ de la prieteni,ğŸ‰ğŸ˜ŠğŸ’Œ
Mi-am fÄƒcut analizele È™i sunt bune,ğŸ§ªğŸ˜Š
Am terminat un proiect important,ğŸ“‚ğŸ‰
Am jucat un joc nou foarte interesant,ğŸ®â­
"Sunt extrem de fericit astÄƒzi, totul merge perfect foarte mult",ğŸ˜ŠğŸ˜„âœ¨
Am Ã®ncercat un nou restaurant È™i a fost excelent,ğŸ½ï¸ğŸ˜„
AstÄƒzi am vÄƒzut un film extrem de amuzant,ğŸ˜‚ğŸ¬
Cafeaua de dimineaÈ›Äƒ a fost perfectÄƒ foarte mult,â˜•ğŸ˜
Am Ã®ncercat un nou restaurant È™i a fost excelent,ğŸ½ï¸ğŸ˜„
Sunt foarte trist È™i dezamÄƒgit,ğŸ˜¢ğŸ’”
AstÄƒzi am Ã®ncercat un nou restaurant È™i a fost excelent,ğŸ½ï¸ğŸ˜„
AstÄƒzi am jucat un joc nou foarte interesant,ğŸ®â­
Am mÃ¢ncat cea mai bunÄƒ pizza din viaÈ›a mea foarte mult,ğŸ•ğŸ¤¤ğŸ˜
AstÄƒzi vÃ¢ntul bate puternic,ğŸ’¨ğŸ˜£
Sunt foarte trist È™i dezamÄƒgit,ğŸ˜¢ğŸ’”
MÄƒ doare capul È™i sunt foarte obosit,ğŸ¤•ğŸ˜´
MÄƒ simt inspirat È™i plin de energie,ğŸ’¡âš¡ğŸ˜Š
"Pentru mine, zborul a decurs foarte bine",âœˆï¸ğŸ‘
PrÄƒjitura fÄƒcutÄƒ acasÄƒ a fost delicioasÄƒ foarte mult,ğŸ°ğŸ˜‹
Concertul a fost uimitor foarte mult,ğŸµğŸ”¥ğŸ˜
Ninge liniÈ™tit afarÄƒ foarte mult,â„ï¸ğŸ˜Š
Am jucat un joc nou foarte interesant,ğŸ®â­
Am pierdut ceva important È™i mÄƒ simt rÄƒu,ğŸ˜­ğŸ“‰
"Pentru mine, am fÄƒcut o surprizÄƒ partenerului",ğŸâ¤ï¸
Am pierdut ceva important È™i mÄƒ simt rÄƒu,ğŸ˜­ğŸ“‰
Ziua de azi a fost una dintre cele mai bune foarte mult,ğŸŒğŸ˜„â¤ï¸
Am jucat un joc nou foarte interesant,ğŸ®â­
Sunt foarte trist È™i dezamÄƒgit,ğŸ˜¢ğŸ’”
AstÄƒzi plouÄƒ foarte tare,ğŸŒ§ï¸ğŸ˜•
"Pentru mine, mi-am fÄƒcut analizele È™i sunt bune",ğŸ§ªğŸ˜Š
MÄƒ simt iubit È™i apreciat,â¤ï¸ğŸ˜Š
AstÄƒzi mÄƒ simt excelent dupÄƒ antrenament,ğŸ’ªğŸ˜„ğŸ”¥
"Pentru mine, am primit o veste minunatÄƒ de la prieteni",ğŸ‰ğŸ˜ŠğŸ’Œ
"Pentru mine, cafeaua de dimineaÈ›Äƒ a fost perfectÄƒ",â˜•ğŸ˜
Am Ã®nvÄƒÈ›at ceva nou È™i util foarte mult,ğŸ’¡ğŸ“˜ğŸ˜Š
Mi-a plÄƒcut mult excursia la munte foarte mult,ğŸ”ï¸â¤ï¸
AstÄƒzi am vÄƒzut un film extrem de amuzant,ğŸ˜‚ğŸ¬
Am Ã®nvÄƒÈ›at ceva nou È™i util,ğŸ’¡ğŸ“˜ğŸ˜Š
Am avut foarte mult de lucru azi foarte mult,ğŸ“šğŸ˜µ
Am avut foarte mult de lucru azi foarte mult,ğŸ“šğŸ˜µ
"Pentru mine, vÃ¢ntul bate puternic",ğŸ’¨ğŸ˜£
AstÄƒzi plouÄƒ foarte tare,ğŸŒ§ï¸ğŸ˜•
"Sunt extrem de fericit astÄƒzi, totul merge perfect",ğŸ˜ŠğŸ˜„âœ¨
"Pentru mine, concertul a fost uimitor",ğŸµğŸ”¥ğŸ˜
"Pentru mine, azi a fost o zi epuizantÄƒ È™i grea",ğŸ˜©ğŸ˜”
Ziua de azi a fost una dintre cele mai bune foarte mult,ğŸŒğŸ˜„â¤ï¸
Am Ã®nvÄƒÈ›at ceva nou È™i util,ğŸ’¡ğŸ“˜ğŸ˜Š
Azi plouÄƒ foarte tare foarte mult,ğŸŒ§ï¸ğŸ˜•
"Pentru mine, mÄƒ simt iubit È™i apreciat",â¤ï¸ğŸ˜Š
PrÄƒjitura fÄƒcutÄƒ acasÄƒ a fost delicioasÄƒ foarte mult,ğŸ°ğŸ˜‹
Am vÄƒzut un film extrem de amuzant,ğŸ˜‚ğŸ¬
AstÄƒzi am mÃ¢ncat cea mai bunÄƒ pizza din viaÈ›a mea,ğŸ•ğŸ¤¤ğŸ˜
MÄƒ simt iubit È™i apreciat,â¤ï¸ğŸ˜Š
AstÄƒzi mi-a plÄƒcut mult excursia la munte,ğŸ”ï¸â¤ï¸
"Pentru mine, mi-e dor de familia mea",â¤ï¸ğŸ˜”
Mi-am fÄƒcut analizele È™i sunt bune foarte mult,ğŸ§ªğŸ˜Š
MÄƒ simt inspirat È™i plin de energie foarte mult,ğŸ’¡âš¡ğŸ˜Š
Cafeaua de dimineaÈ›Äƒ a fost perfectÄƒ,â˜•ğŸ˜
Sunt foarte trist È™i dezamÄƒgit,ğŸ˜¢ğŸ’”
MÄƒ doare capul È™i sunt foarte obosit,ğŸ¤•ğŸ˜´
AstÄƒzi am vizitat un oraÈ™ superb,ğŸ™ï¸âœ¨ğŸ˜Š
"Pentru mine, am terminat un proiect important",ğŸ“‚ğŸ‰
Mi-e dor de familia mea,â¤ï¸ğŸ˜”
AstÄƒzi serialul pe care Ã®l urmÄƒresc devine tot mai bun,ğŸ“ºğŸ˜„
AstÄƒzi nu mÄƒ simt bine deloc,ğŸ¤•ğŸ˜
VacanÈ›a la mare a fost incredibilÄƒ,ğŸ–ï¸ğŸŒŠğŸ˜
Cafeaua de dimineaÈ›Äƒ a fost perfectÄƒ,â˜•ğŸ˜
Ziua de azi a fost una dintre cele mai bune foarte mult,ğŸŒğŸ˜„â¤ï¸
Concertul a fost uimitor foarte mult,ğŸµğŸ”¥ğŸ˜
Am primit o veste minunatÄƒ de la prieteni,ğŸ‰ğŸ˜ŠğŸ’Œ
Am vizitat un oraÈ™ superb foarte mult,ğŸ™ï¸âœ¨ğŸ˜Š
"Pentru mine, cafeaua de dimineaÈ›Äƒ a fost perfectÄƒ",â˜•ğŸ˜
"Pentru mine, ninge liniÈ™tit afarÄƒ",â„ï¸ğŸ˜Š
"Pentru mine, am Ã®nvÄƒÈ›at ceva nou È™i util",ğŸ’¡ğŸ“˜ğŸ˜Š
Am avut foarte mult de lucru azi,ğŸ“šğŸ˜µ
Am rÄƒcit puÈ›in foarte mult,ğŸ¤§ğŸ¥¶
Am jucat un joc nou foarte interesant,ğŸ®â­
Nu mÄƒ simt bine deloc foarte mult,ğŸ¤•ğŸ˜
"Pentru mine, am terminat un proiect important",ğŸ“‚ğŸ‰
"Pentru mine, sunt extrem de fericit astÄƒzi, totul merge perfect",ğŸ˜ŠğŸ˜„âœ¨
Am terminat un proiect important foarte mult,ğŸ“‚ğŸ‰
Am petrecut timp de calitate cu cei dragi foarte mult,â¤ï¸ğŸ‘¨â€ğŸ‘©â€ğŸ‘§
Azi a fost o zi epuizantÄƒ È™i grea,ğŸ˜©ğŸ˜”
AstÄƒzi È™edinÈ›a a fost lungÄƒ È™i obositoare,ğŸ§ ğŸ˜©
"Pentru mine, zborul a decurs foarte bine",âœˆï¸ğŸ‘
Concertul a fost uimitor,ğŸµğŸ”¥ğŸ˜
Am Ã®ncercat un nou restaurant È™i a fost excelent,ğŸ½ï¸ğŸ˜„
Azi plouÄƒ foarte tare,ğŸŒ§ï¸ğŸ˜•
Cafeaua de dimineaÈ›Äƒ a fost perfectÄƒ foarte mult,â˜•ğŸ˜
Cafeaua de dimineaÈ›Äƒ a fost perfectÄƒ,â˜•ğŸ˜
Sunt foarte trist È™i dezamÄƒgit,ğŸ˜¢ğŸ’”
Ziua de astÄƒzi a fost una dintre cele mai bune,ğŸŒğŸ˜„â¤ï¸
AstÄƒzi mÄƒ doare capul È™i sunt foarte obosit,ğŸ¤•ğŸ˜´
Concertul a fost uimitor,ğŸµğŸ”¥ğŸ˜
"Pentru mine, am vizitat un oraÈ™ superb",ğŸ™ï¸âœ¨ğŸ˜Š
"Pentru mine, sunt foarte trist È™i dezamÄƒgit",ğŸ˜¢ğŸ’”
A fost o zi Ã®nsoritÄƒ È™i caldÄƒ,â˜€ï¸ğŸ˜
Am terminat un proiect important foarte mult,ğŸ“‚ğŸ‰
Am Ã®ncercat un nou restaurant È™i a fost excelent,ğŸ½ï¸ğŸ˜„
Mi-am fÄƒcut analizele È™i sunt bune,ğŸ§ªğŸ˜Š
Zborul a decurs foarte bine,âœˆï¸ğŸ‘
Nu mÄƒ simt bine deloc,ğŸ¤•ğŸ˜
AstÄƒzi sunt foarte trist È™i dezamÄƒgit,ğŸ˜¢ğŸ’”
Am petrecut timp de calitate cu cei dragi foarte mult,â¤ï¸ğŸ‘¨â€ğŸ‘©â€ğŸ‘§
AstÄƒzi sunt foarte trist È™i dezamÄƒgit,ğŸ˜¢ğŸ’”
Serialul pe care Ã®l urmÄƒresc devine tot mai bun foarte mult,ğŸ“ºğŸ˜„
Am pierdut ceva important È™i mÄƒ simt rÄƒu,ğŸ˜­ğŸ“‰
Am pierdut ceva important È™i mÄƒ simt rÄƒu,ğŸ˜­ğŸ“‰
Sunt foarte trist È™i dezamÄƒgit,ğŸ˜¢ğŸ’”
È˜edinÈ›a a fost lungÄƒ È™i obositoare,ğŸ§ ğŸ˜©
A fost o zi Ã®nsoritÄƒ È™i caldÄƒ,â˜€ï¸ğŸ˜
AstÄƒzi mÄƒ simt excelent dupÄƒ antrenament,ğŸ’ªğŸ˜„ğŸ”¥
A fost o zi Ã®nsoritÄƒ È™i caldÄƒ,â˜€ï¸ğŸ˜
Am terminat un proiect important,ğŸ“‚ğŸ‰
Concertul a fost uimitor foarte mult,ğŸµğŸ”¥ğŸ˜
AstÄƒzi mi-e dor de familia mea,â¤ï¸ğŸ˜”
AstÄƒzi mÄƒ simt excelent dupÄƒ antrenament,ğŸ’ªğŸ˜„ğŸ”¥
Am vÄƒzut un film extrem de amuzant foarte mult,ğŸ˜‚ğŸ¬
MÄƒ simt iubit È™i apreciat,â¤ï¸ğŸ˜Š
AstÄƒzi cafeaua de dimineaÈ›Äƒ a fost perfectÄƒ,â˜•ğŸ˜
"Pentru mine, sunt extrem de fericit astÄƒzi, totul merge perfect",ğŸ˜ŠğŸ˜„âœ¨
AstÄƒzi mi-am fÄƒcut analizele È™i sunt bune,ğŸ§ªğŸ˜Š
AstÄƒzi am vÄƒzut un film extrem de amuzant,ğŸ˜‚ğŸ¬
Zborul a decurs foarte bine,âœˆï¸ğŸ‘
Am Ã®nvÄƒÈ›at ceva nou È™i util foarte mult,ğŸ’¡ğŸ“˜ğŸ˜Š
MÄƒ doare capul È™i sunt foarte obosit,ğŸ¤•ğŸ˜´
Am fÄƒcut o surprizÄƒ partenerului,ğŸâ¤ï¸
Am mÃ¢ncat cea mai bunÄƒ pizza din viaÈ›a mea,ğŸ•ğŸ¤¤ğŸ˜
AstÄƒzi sunt foarte trist È™i dezamÄƒgit,ğŸ˜¢ğŸ’”
Zborul a decurs foarte bine,âœˆï¸ğŸ‘
"Pentru mine, am jucat un joc nou foarte interesant",ğŸ®â­
Am rÄƒcit puÈ›in foarte mult,ğŸ¤§ğŸ¥¶
MÄƒ simt excelent dupÄƒ antrenament,ğŸ’ªğŸ˜„ğŸ”¥
"Pentru mine, sunt extrem de fericit astÄƒzi, totul merge perfect",ğŸ˜ŠğŸ˜„âœ¨
MÄƒ simt iubit È™i apreciat,â¤ï¸ğŸ˜Š
È˜edinÈ›a a fost lungÄƒ È™i obositoare,ğŸ§ ğŸ˜©
È˜edinÈ›a a fost lungÄƒ È™i obositoare,ğŸ§ ğŸ˜©
AstÄƒzi sunt foarte trist È™i dezamÄƒgit,ğŸ˜¢ğŸ’”
Am rÄƒcit puÈ›in foarte mult,ğŸ¤§ğŸ¥¶
"Pentru mine, zborul a decurs foarte bine",âœˆï¸ğŸ‘
AstÄƒzi serialul pe care Ã®l urmÄƒresc devine tot mai bun,ğŸ“ºğŸ˜„
Am avut foarte mult de lucru azi foarte mult,ğŸ“šğŸ˜µ
AstÄƒzi ninge liniÈ™tit afarÄƒ,â„ï¸ğŸ˜Š
AstÄƒzi am terminat un proiect important,ğŸ“‚ğŸ‰
MÄƒ simt inspirat È™i plin de energie foarte mult,ğŸ’¡âš¡ğŸ˜Š
AstÄƒzi ninge liniÈ™tit afarÄƒ,â„ï¸ğŸ˜Š
Ziua de azi a fost una dintre cele mai bune,ğŸŒğŸ˜„â¤ï¸
Azi plouÄƒ foarte tare foarte mult,ğŸŒ§ï¸ğŸ˜•
AstÄƒzi am avut foarte mult de lucru azi,ğŸ“šğŸ˜µ
"Pentru mine, mi-a plÄƒcut mult excursia la munte",ğŸ”ï¸â¤ï¸
AstÄƒzi zborul a decurs foarte bine,âœˆï¸ğŸ‘
MÄƒ simt inspirat È™i plin de energie,ğŸ’¡âš¡ğŸ˜Š
Am jucat un joc nou foarte interesant foarte mult,ğŸ®â­
"Pentru mine, am Ã®ncercat un nou restaurant È™i a fost excelent",ğŸ½ï¸ğŸ˜„
Am rÄƒcit puÈ›in,ğŸ¤§ğŸ¥¶
AstÄƒzi mi-e dor de familia mea,â¤ï¸ğŸ˜”
Mi-e dor de familia mea,â¤ï¸ğŸ˜”
Concertul a fost uimitor,ğŸµğŸ”¥ğŸ˜
AstÄƒzi am fÄƒcut o surprizÄƒ partenerului,ğŸâ¤ï¸
Serialul pe care Ã®l urmÄƒresc devine tot mai bun,ğŸ“ºğŸ˜„
Ninge liniÈ™tit afarÄƒ,â„ï¸ğŸ˜Š
Sunt foarte trist È™i dezamÄƒgit,ğŸ˜¢ğŸ’”
AstÄƒzi plouÄƒ foarte tare,ğŸŒ§ï¸ğŸ˜•
VÃ¢ntul bate puternic,ğŸ’¨ğŸ˜£
Mi-e dor de familia mea foarte mult,â¤ï¸ğŸ˜”
AstÄƒzi cafeaua de dimineaÈ›Äƒ a fost perfectÄƒ,â˜•ğŸ˜
MÄƒ simt inspirat È™i plin de energie,ğŸ’¡âš¡ğŸ˜Š
Am rÄƒcit puÈ›in,ğŸ¤§ğŸ¥¶
Am primit o veste minunatÄƒ de la prieteni,ğŸ‰ğŸ˜ŠğŸ’Œ
"Pentru mine, mi-am fÄƒcut analizele È™i sunt bune",ğŸ§ªğŸ˜Š
"Pentru mine, È™edinÈ›a a fost lungÄƒ È™i obositoare",ğŸ§ ğŸ˜©
AstÄƒzi vÃ¢ntul bate puternic,ğŸ’¨ğŸ˜£
A fost o zi Ã®nsoritÄƒ È™i caldÄƒ foarte mult,â˜€ï¸ğŸ˜
Azi a fost o zi epuizantÄƒ È™i grea,ğŸ˜©ğŸ˜”
AstÄƒzi mÄƒ simt iubit È™i apreciat,â¤ï¸ğŸ˜Š
Nu mÄƒ simt bine deloc,ğŸ¤•ğŸ˜
AstÄƒzi am primit o veste minunatÄƒ de la prieteni,ğŸ‰ğŸ˜ŠğŸ’Œ
A fost o zi Ã®nsoritÄƒ È™i caldÄƒ,â˜€ï¸ğŸ˜
"Pentru mine, am mÃ¢ncat cea mai bunÄƒ pizza din viaÈ›a mea",ğŸ•ğŸ¤¤ğŸ˜
MÄƒ simt iubit È™i apreciat,â¤ï¸ğŸ˜Š
Am pierdut ceva important È™i mÄƒ simt rÄƒu,ğŸ˜­ğŸ“‰
Nu mÄƒ simt bine deloc,ğŸ¤•ğŸ˜
Am Ã®ncercat un nou restaurant È™i a fost excelent,ğŸ½ï¸ğŸ˜„
Am primit o veste minunatÄƒ de la prieteni,ğŸ‰ğŸ˜ŠğŸ’Œ
MÄƒ simt excelent dupÄƒ antrenament,ğŸ’ªğŸ˜„ğŸ”¥
Am vizitat un oraÈ™ superb,ğŸ™ï¸âœ¨ğŸ˜Š
Nu mÄƒ simt bine deloc foarte mult,ğŸ¤•ğŸ˜
È˜edinÈ›a a fost lungÄƒ È™i obositoare,ğŸ§ ğŸ˜©
AstÄƒzi serialul pe care Ã®l urmÄƒresc devine tot mai bun,ğŸ“ºğŸ˜„
AstÄƒzi am Ã®nvÄƒÈ›at ceva nou È™i util,ğŸ’¡ğŸ“˜ğŸ˜Š
Mi-am fÄƒcut analizele È™i sunt bune,ğŸ§ªğŸ˜Š
AstÄƒzi zborul a decurs foarte bine,âœˆï¸ğŸ‘
Am avut foarte mult de lucru astÄƒzi,ğŸ“šğŸ˜µ
MÄƒ simt inspirat È™i plin de energie,ğŸ’¡âš¡ğŸ˜Š
Cafeaua de dimineaÈ›Äƒ a fost perfectÄƒ,â˜•ğŸ˜
Ninge liniÈ™tit afarÄƒ,â„ï¸ğŸ˜Š
AstÄƒzi ziua de azi a fost una dintre cele mai bune,ğŸŒğŸ˜„â¤ï¸
AstÄƒzi mi-am fÄƒcut analizele È™i sunt bune,ğŸ§ªğŸ˜Š
MÄƒ simt excelent dupÄƒ antrenament,ğŸ’ªğŸ˜„ğŸ”¥
AstÄƒzi vacanÈ›a la mare a fost incredibilÄƒ,ğŸ–ï¸ğŸŒŠğŸ˜
"AstÄƒzi sunt extrem de fericit astÄƒzi, totul merge perfect",ğŸ˜ŠğŸ˜„âœ¨
"Pentru mine, prÄƒjitura fÄƒcutÄƒ acasÄƒ a fost delicioasÄƒ",ğŸ°ğŸ˜‹
Ziua de azi a fost una dintre cele mai bune foarte mult,ğŸŒğŸ˜„â¤ï¸
AstÄƒzi am avut foarte mult de lucru azi,ğŸ“šğŸ˜µ
A fost o zi Ã®nsoritÄƒ È™i caldÄƒ foarte mult,â˜€ï¸ğŸ˜
Am Ã®nvÄƒÈ›at ceva nou È™i util,ğŸ’¡ğŸ“˜ğŸ˜Š
AstÄƒzi serialul pe care Ã®l urmÄƒresc devine tot mai bun,ğŸ“ºğŸ˜„
AstÄƒzi am primit o veste minunatÄƒ de la prieteni,ğŸ‰ğŸ˜ŠğŸ’Œ
AstÄƒzi azi a fost o zi epuizantÄƒ È™i grea,ğŸ˜©ğŸ˜”
"Pentru mine, ziua de azi a fost una dintre cele mai bune",ğŸŒğŸ˜„â¤ï¸
"Pentru mine, zborul a decurs foarte bine",âœˆï¸ğŸ‘
Ziua de astÄƒzi a fost una dintre cele mai bune,ğŸŒğŸ˜„â¤ï¸
AstÄƒzi am rÄƒcit puÈ›in,ğŸ¤§ğŸ¥¶
MÄƒ doare capul È™i sunt foarte obosit,ğŸ¤•ğŸ˜´
AstÄƒzi cafeaua de dimineaÈ›Äƒ a fost perfectÄƒ,â˜•ğŸ˜
"Pentru mine, serialul pe care Ã®l urmÄƒresc devine tot mai bun",ğŸ“ºğŸ˜„
AstÄƒzi mi-a plÄƒcut mult excursia la munte,ğŸ”ï¸â¤ï¸
"Sunt extrem de fericit astÄƒzi, totul merge perfect",ğŸ˜ŠğŸ˜„âœ¨
MÄƒ simt excelent dupÄƒ antrenament,ğŸ’ªğŸ˜„ğŸ”¥
AstÄƒzi am petrecut timp de calitate cu cei dragi,â¤ï¸ğŸ‘¨â€ğŸ‘©â€ğŸ‘§
"Pentru mine, am Ã®nvÄƒÈ›at ceva nou È™i util",ğŸ’¡ğŸ“˜ğŸ˜Š
Mi-am fÄƒcut analizele È™i sunt bune foarte mult,ğŸ§ªğŸ˜Š
"Pentru mine, È™edinÈ›a a fost lungÄƒ È™i obositoare",ğŸ§ ğŸ˜©
Am primit o veste minunatÄƒ de la prieteni,ğŸ‰ğŸ˜ŠğŸ’Œ
Azi plouÄƒ foarte tare foarte mult,ğŸŒ§ï¸ğŸ˜•
"Pentru mine, am petrecut timp de calitate cu cei dragi",â¤ï¸ğŸ‘¨â€ğŸ‘©â€ğŸ‘§
Nu mÄƒ simt bine deloc,ğŸ¤•ğŸ˜
AstÄƒzi cafeaua de dimineaÈ›Äƒ a fost perfectÄƒ,â˜•ğŸ˜
AstÄƒzi È™edinÈ›a a fost lungÄƒ È™i obositoare,ğŸ§ ğŸ˜©
AstÄƒzi sunt foarte trist È™i dezamÄƒgit,ğŸ˜¢ğŸ’”
"Pentru mine, azi a fost o zi epuizantÄƒ È™i grea",ğŸ˜©ğŸ˜”
"Pentru mine, am Ã®nvÄƒÈ›at ceva nou È™i util",ğŸ’¡ğŸ“˜ğŸ˜Š
"Pentru mine, ziua de azi a fost una dintre cele mai bune",ğŸŒğŸ˜„â¤ï¸
MÄƒ doare capul È™i sunt foarte obosit,ğŸ¤•ğŸ˜´
Am vizitat un oraÈ™ superb foarte mult,ğŸ™ï¸âœ¨ğŸ˜Š
AstÄƒzi vacanÈ›a la mare a fost incredibilÄƒ,ğŸ–ï¸ğŸŒŠğŸ˜
AstÄƒzi sunt foarte trist È™i dezamÄƒgit,ğŸ˜¢ğŸ’”
Concertul a fost uimitor,ğŸµğŸ”¥ğŸ˜
MÄƒ doare capul È™i sunt foarte obosit,ğŸ¤•ğŸ˜´
Am fÄƒcut o surprizÄƒ partenerului,ğŸâ¤ï¸
AstÄƒzi cafeaua de dimineaÈ›Äƒ a fost perfectÄƒ,â˜•ğŸ˜
AstÄƒzi am avut foarte mult de lucru azi,ğŸ“šğŸ˜µ
Am jucat un joc nou foarte interesant foarte mult,ğŸ®â­
È˜edinÈ›a a fost lungÄƒ È™i obositoare,ğŸ§ ğŸ˜©
Am petrecut timp de calitate cu cei dragi,â¤ï¸ğŸ‘¨â€ğŸ‘©â€ğŸ‘§
"Pentru mine, mÄƒ doare capul È™i sunt foarte obosit",ğŸ¤•ğŸ˜´
AstÄƒzi am rÄƒcit puÈ›in,ğŸ¤§ğŸ¥¶
AstÄƒzi a fost o zi epuizantÄƒ È™i grea,ğŸ˜©ğŸ˜”
PrÄƒjitura fÄƒcutÄƒ acasÄƒ a fost delicioasÄƒ foarte mult,ğŸ°ğŸ˜‹
Ziua de azi a fost una dintre cele mai bune,ğŸŒğŸ˜„â¤ï¸
Am terminat un proiect important,ğŸ“‚ğŸ‰
MÄƒ simt excelent dupÄƒ antrenament,ğŸ’ªğŸ˜„ğŸ”¥
Am Ã®ncercat un nou restaurant È™i a fost excelent,ğŸ½ï¸ğŸ˜„
Am mÃ¢ncat cea mai bunÄƒ pizza din viaÈ›a mea,ğŸ•ğŸ¤¤ğŸ˜
Am jucat un joc nou foarte interesant,ğŸ®â­
AstÄƒzi a fost o zi epuizantÄƒ È™i grea,ğŸ˜©ğŸ˜”
Am fÄƒcut o surprizÄƒ partenerului foarte mult,ğŸâ¤ï¸
"Pentru mine, a fost o zi Ã®nsoritÄƒ È™i caldÄƒ",â˜€ï¸ğŸ˜
Am mÃ¢ncat cea mai bunÄƒ pizza din viaÈ›a mea,ğŸ•ğŸ¤¤ğŸ˜
"Pentru mine, mÄƒ simt inspirat È™i plin de energie",ğŸ’¡âš¡ğŸ˜Š
"Sunt extrem de fericit astÄƒzi, totul merge perfect",ğŸ˜ŠğŸ˜„âœ¨
"Pentru mine, prÄƒjitura fÄƒcutÄƒ acasÄƒ a fost delicioasÄƒ",ğŸ°ğŸ˜‹
AstÄƒzi am primit o veste minunatÄƒ de la prieteni,ğŸ‰ğŸ˜ŠğŸ’Œ
MÄƒ simt inspirat È™i plin de energie,ğŸ’¡âš¡ğŸ˜Š
Mi-e dor de familia mea,â¤ï¸ğŸ˜”
AstÄƒzi azi a fost o zi epuizantÄƒ È™i grea,ğŸ˜©ğŸ˜”
